;WT;RIC;EBV_d2;EBV_d4;EBV_d7;EBV_d14
GOBP_ACETYL_COA_BIOSYNTHETIC_PROCESS;0;0;1;1;0;0
GOBP_ACETYL_COA_METABOLIC_PROCESS;0;0;0;1;1;0
GOBP_ACTIN_FILAMENT_BUNDLE_ORGANIZATION;0;1;0;0;0;0
GOBP_ACTIVATED_T_CELL_PROLIFERATION;0;0;0;0;1;1
GOBP_ACTIVATION_OF_CYSTEINE_TYPE_ENDOPEPTIDASE_ACTIVITY_INVOLVED_IN_APOPTOTIC_PROCESS;1;0;0;0;0;0
GOBP_ACTIVATION_OF_IMMUNE_RESPONSE;0;0;0;0;0;1
GOBP_ACTIVATION_OF_JANUS_KINASE_ACTIVITY;0;0;0;0;0;1
GOBP_ACTIVATION_OF_PHOSPHOLIPASE_C_ACTIVITY;0;0;0;0;1;0
GOBP_ACTIVATION_OF_PROTEIN_KINASE_ACTIVITY;0;0;0;0;1;1
GOBP_ACTIVATION_OF_PROTEIN_KINASE_B_ACTIVITY;0;1;0;1;1;1
GOBP_ACUTE_INFLAMMATORY_RESPONSE;0;1;0;0;0;0
GOBP_ACUTE_PHASE_RESPONSE;0;1;0;0;0;0
GOBP_ACYLGLYCEROL_HOMEOSTASIS;1;1;0;0;0;0
GOBP_ADAPTATION_OF_SIGNALING_PATHWAY;0;0;0;0;1;1
GOBP_ADAPTIVE_IMMUNE_RESPONSE_BASED_ON_SOMATIC_RECOMBINATION_OF_IMMUNE_RECEPTORS_BUILT_FROM_IMMUNOGLOBULIN_SUPERFAMILY_DOMAINS;0;0;0;0;1;1
GOBP_ADP_METABOLIC_PROCESS;0;0;1;1;1;1
GOBP_ADULT_LOCOMOTORY_BEHAVIOR;0;1;0;0;0;0
GOBP_AEROBIC_RESPIRATION;1;1;1;1;1;1
GOBP_AGING;1;0;0;0;0;0
GOBP_ALCOHOL_BIOSYNTHETIC_PROCESS;0;0;1;1;1;1
GOBP_ALCOHOL_CATABOLIC_PROCESS;0;0;0;0;1;0
GOBP_ALCOHOL_METABOLIC_PROCESS;0;0;1;1;1;1
GOBP_ALDITOL_METABOLIC_PROCESS;0;0;1;1;1;1
GOBP_ALPHA_AMINO_ACID_CATABOLIC_PROCESS;0;0;1;1;1;1
GOBP_ALPHA_AMINO_ACID_METABOLIC_PROCESS;0;1;1;1;1;1
GOBP_ALPHA_BETA_T_CELL_ACTIVATION;0;0;0;0;1;1
GOBP_ALPHA_BETA_T_CELL_PROLIFERATION;0;0;0;0;1;1
GOBP_AMEBOIDAL_TYPE_CELL_MIGRATION;0;1;0;0;0;0
GOBP_AMINE_BIOSYNTHETIC_PROCESS;1;0;0;0;0;0
GOBP_AMINE_METABOLIC_PROCESS;1;0;0;0;0;0
GOBP_AMINO_ACID_ACTIVATION;0;0;1;1;1;1
GOBP_AMINO_ACID_IMPORT;1;1;0;0;0;0
GOBP_AMINO_ACID_IMPORT_ACROSS_PLASMA_MEMBRANE;1;1;0;0;0;0
GOBP_AMINOGLYCAN_METABOLIC_PROCESS;0;1;0;0;0;0
GOBP_AMP_METABOLIC_PROCESS;0;1;0;1;1;1
GOBP_AMYLOID_BETA_CLEARANCE;0;1;0;0;0;0
GOBP_ANAPHASE_PROMOTING_COMPLEX_DEPENDENT_CATABOLIC_PROCESS;0;0;1;1;1;1
GOBP_ANATOMICAL_STRUCTURE_ARRANGEMENT;0;0;0;0;0;1
GOBP_ANATOMICAL_STRUCTURE_MATURATION;0;1;0;0;0;0
GOBP_ANGIOGENESIS_INVOLVED_IN_WOUND_HEALING;1;1;0;0;0;0
GOBP_ANIMAL_ORGAN_MORPHOGENESIS;0;1;0;0;0;0
GOBP_ANIMAL_ORGAN_REGENERATION;1;1;0;0;0;1
GOBP_ANION_HOMEOSTASIS;0;1;0;0;0;0
GOBP_ANTIBACTERIAL_HUMORAL_RESPONSE;0;0;0;0;1;1
GOBP_ANTIGEN_PROCESSING_AND_PRESENTATION;1;0;0;0;0;0
GOBP_ANTIGEN_PROCESSING_AND_PRESENTATION_OF_PEPTIDE_ANTIGEN_VIA_MHC_CLASS_I;1;0;0;0;0;1
GOBP_ANTIGEN_RECEPTOR_MEDIATED_SIGNALING_PATHWAY;0;0;0;0;0;1
GOBP_ANTIMICROBIAL_HUMORAL_IMMUNE_RESPONSE_MEDIATED_BY_ANTIMICROBIAL_PEPTIDE;0;0;0;0;1;1
GOBP_ANTIMICROBIAL_HUMORAL_RESPONSE;0;0;0;0;1;1
GOBP_ANTIVIRAL_INNATE_IMMUNE_RESPONSE;0;0;1;1;1;1
GOBP_APOPTOTIC_CELL_CLEARANCE;1;1;0;0;0;0
GOBP_APOPTOTIC_MITOCHONDRIAL_CHANGES;1;0;1;1;1;1
GOBP_APOPTOTIC_PROCESS_INVOLVED_IN_MORPHOGENESIS;0;1;1;0;1;1
GOBP_APOPTOTIC_SIGNALING_PATHWAY;1;1;0;0;0;0
GOBP_APPENDAGE_DEVELOPMENT;0;1;0;0;0;0
GOBP_APPENDAGE_MORPHOGENESIS;0;1;0;0;0;0
GOBP_ARACHIDONIC_ACID_METABOLIC_PROCESS;1;0;0;0;0;0
GOBP_AROMATIC_AMINO_ACID_FAMILY_CATABOLIC_PROCESS;0;0;1;1;0;0
GOBP_ARTERY_MORPHOGENESIS;0;1;0;0;0;0
GOBP_ASPARTATE_FAMILY_AMINO_ACID_METABOLIC_PROCESS;1;0;0;0;0;0
GOBP_ASTROCYTE_ACTIVATION;0;1;0;0;0;0
GOBP_ATP_BIOSYNTHETIC_PROCESS;1;1;1;1;1;1
GOBP_ATP_METABOLIC_PROCESS;1;1;1;1;1;1
GOBP_ATP_SYNTHESIS_COUPLED_ELECTRON_TRANSPORT;1;1;1;1;1;1
GOBP_ATP_SYNTHESIS_COUPLED_PROTON_TRANSPORT;1;0;0;0;0;1
GOBP_ATTACHMENT_OF_MITOTIC_SPINDLE_MICROTUBULES_TO_KINETOCHORE;0;0;1;1;1;1
GOBP_ATTACHMENT_OF_SPINDLE_MICROTUBULES_TO_KINETOCHORE;1;1;1;1;1;1
GOBP_AXON_DEVELOPMENT;0;1;0;0;0;0
GOBP_B_CELL_ACTIVATION;0;0;0;0;0;1
GOBP_B_CELL_MEDIATED_IMMUNITY;0;0;0;0;1;1
GOBP_B_CELL_RECEPTOR_SIGNALING_PATHWAY;0;0;0;0;1;1
GOBP_BASE_EXCISION_REPAIR;0;0;1;1;0;0
GOBP_BEHAVIOR;0;1;0;0;0;0
GOBP_BENZENE_CONTAINING_COMPOUND_METABOLIC_PROCESS;0;0;0;1;1;1
GOBP_BINDING_OF_SPERM_TO_ZONA_PELLUCIDA;1;0;0;0;0;0
GOBP_BIOLOGICAL_PROCESS_INVOLVED_IN_INTERACTION_WITH_HOST;1;0;1;1;1;1
GOBP_BIOLOGICAL_PROCESS_INVOLVED_IN_INTERACTION_WITH_SYMBIONT;0;1;0;0;0;0
GOBP_BIOLOGICAL_PROCESS_INVOLVED_IN_INTRASPECIES_INTERACTION_BETWEEN_ORGANISMS;0;1;0;0;0;0
GOBP_BIOLOGICAL_PROCESS_INVOLVED_IN_SYMBIOTIC_INTERACTION;1;0;1;1;1;1
GOBP_BLASTOCYST_GROWTH;0;0;1;1;1;1
GOBP_BLOOD_VESSEL_ENDOTHELIAL_CELL_MIGRATION;0;1;0;0;0;0
GOBP_BLOOD_VESSEL_MORPHOGENESIS;0;1;0;0;0;0
GOBP_BLOOD_VESSEL_REMODELING;0;0;0;0;1;0
GOBP_BODY_FLUID_SECRETION;0;1;0;0;0;0
GOBP_BONE_CELL_DEVELOPMENT;1;1;0;0;0;0
GOBP_BONE_MORPHOGENESIS;0;1;0;0;0;0
GOBP_BRANCHED_CHAIN_AMINO_ACID_CATABOLIC_PROCESS;0;0;1;1;1;1
GOBP_BRANCHED_CHAIN_AMINO_ACID_METABOLIC_PROCESS;0;1;1;1;1;1
GOBP_BRANCHING_INVOLVED_IN_BLOOD_VESSEL_MORPHOGENESIS;0;1;0;0;0;0
GOBP_BRANCHING_MORPHOGENESIS_OF_AN_EPITHELIAL_TUBE;0;1;0;0;0;0
GOBP_C21_STEROID_HORMONE_METABOLIC_PROCESS;0;0;0;0;0;1
GOBP_CALCIUM_ION_TRANSPORT_INTO_CYTOSOL;0;0;0;0;1;0
GOBP_CALCIUM_MEDIATED_SIGNALING;0;0;0;0;1;0
GOBP_CARBOHYDRATE_CATABOLIC_PROCESS;0;0;0;0;1;1
GOBP_CARBOHYDRATE_DERIVATIVE_CATABOLIC_PROCESS;0;0;1;1;1;1
GOBP_CARBOHYDRATE_DERIVATIVE_TRANSPORT;0;0;0;0;0;1
GOBP_CARBOHYDRATE_PHOSPHORYLATION;0;0;0;0;1;0
GOBP_CARDIAC_CELL_DEVELOPMENT;0;0;0;0;0;1
GOBP_CARDIAC_EPITHELIAL_TO_MESENCHYMAL_TRANSITION;0;0;0;0;1;0
GOBP_CARDIAC_SEPTUM_DEVELOPMENT;0;1;0;0;0;0
GOBP_CARDIAC_SEPTUM_MORPHOGENESIS;0;1;0;0;0;0
GOBP_CARDIAC_VENTRICLE_MORPHOGENESIS;0;0;0;0;1;0
GOBP_CD4_POSITIVE_ALPHA_BETA_T_CELL_ACTIVATION;0;0;0;0;0;1
GOBP_CELL_ACTIVATION_INVOLVED_IN_IMMUNE_RESPONSE;0;0;0;1;1;1
GOBP_CELL_ADHESION_MEDIATED_BY_INTEGRIN;0;0;0;0;1;1
GOBP_CELL_CELL_ADHESION;1;1;0;0;0;0
GOBP_CELL_CELL_ADHESION_MEDIATED_BY_INTEGRIN;0;0;0;0;1;1
GOBP_CELL_CELL_ADHESION_VIA_PLASMA_MEMBRANE_ADHESION_MOLECULES;0;1;0;0;0;0
GOBP_CELL_CELL_JUNCTION_ASSEMBLY;0;1;0;0;0;0
GOBP_CELL_CELL_JUNCTION_ORGANIZATION;1;1;0;0;0;0
GOBP_CELL_CELL_RECOGNITION;1;0;0;0;1;0
GOBP_CELL_CHEMOTAXIS;1;1;0;1;1;1
GOBP_CELL_CYCLE_CHECKPOINT_SIGNALING;1;1;1;1;1;1
GOBP_CELL_CYCLE_DNA_REPLICATION;1;1;1;1;1;1
GOBP_CELL_CYCLE_G1_S_PHASE_TRANSITION;1;1;1;1;1;1
GOBP_CELL_CYCLE_G2_M_PHASE_TRANSITION;1;1;1;1;1;1
GOBP_CELL_CYCLE_PHASE_TRANSITION;1;1;0;0;0;0
GOBP_CELL_DEATH_IN_RESPONSE_TO_OXIDATIVE_STRESS;0;1;0;0;0;1
GOBP_CELL_FATE_COMMITMENT;0;1;0;0;0;0
GOBP_CELL_GROWTH;0;1;0;0;0;0
GOBP_CELL_JUNCTION_ASSEMBLY;0;1;0;0;0;0
GOBP_CELL_JUNCTION_DISASSEMBLY;0;1;0;0;0;0
GOBP_CELL_JUNCTION_MAINTENANCE;0;1;0;0;0;0
GOBP_CELL_JUNCTION_ORGANIZATION;0;1;0;0;0;0
GOBP_CELL_KILLING;0;0;0;0;1;1
GOBP_CELL_MATRIX_ADHESION;0;1;0;0;1;0
GOBP_CELL_MATURATION;0;1;0;0;0;0
GOBP_CELL_MIGRATION_INVOLVED_IN_SPROUTING_ANGIOGENESIS;0;1;0;0;0;0
GOBP_CELL_MORPHOGENESIS_INVOLVED_IN_DIFFERENTIATION;0;1;0;0;0;0
GOBP_CELL_PART_MORPHOGENESIS;0;1;0;0;0;0
GOBP_CELL_RECOGNITION;0;1;0;0;0;1
GOBP_CELL_REDOX_HOMEOSTASIS;1;1;1;1;0;0
GOBP_CELL_SUBSTRATE_ADHESION;0;1;0;0;0;0
GOBP_CELL_SUBSTRATE_JUNCTION_ORGANIZATION;0;1;0;0;0;0
GOBP_CELL_SURFACE_RECEPTOR_SIGNALING_PATHWAY_INVOLVED_IN_HEART_DEVELOPMENT;0;0;0;0;1;1
GOBP_CELLULAR_ALDEHYDE_METABOLIC_PROCESS;1;1;0;1;1;1
GOBP_CELLULAR_AMINO_ACID_BIOSYNTHETIC_PROCESS;1;0;1;1;1;1
GOBP_CELLULAR_AMINO_ACID_CATABOLIC_PROCESS;0;0;1;1;1;1
GOBP_CELLULAR_AMINO_ACID_METABOLIC_PROCESS;0;0;1;1;1;1
GOBP_CELLULAR_COMPONENT_MAINTENANCE;0;1;0;0;0;0
GOBP_CELLULAR_DEFENSE_RESPONSE;0;1;1;1;1;1
GOBP_CELLULAR_EXTRAVASATION;0;0;0;0;1;1
GOBP_CELLULAR_IRON_ION_HOMEOSTASIS;0;1;0;0;0;0
GOBP_CELLULAR_KETONE_METABOLIC_PROCESS;0;0;1;1;1;1
GOBP_CELLULAR_LIPID_CATABOLIC_PROCESS;0;0;1;1;1;1
GOBP_CELLULAR_MODIFIED_AMINO_ACID_BIOSYNTHETIC_PROCESS;0;1;1;1;1;1
GOBP_CELLULAR_MODIFIED_AMINO_ACID_METABOLIC_PROCESS;0;1;1;1;1;1
GOBP_CELLULAR_NITROGEN_COMPOUND_CATABOLIC_PROCESS;0;0;1;1;1;1
GOBP_CELLULAR_OXIDANT_DETOXIFICATION;1;1;1;1;1;1
GOBP_CELLULAR_PIGMENTATION;0;1;0;0;0;0
GOBP_CELLULAR_PROCESS_INVOLVED_IN_REPRODUCTION_IN_MULTICELLULAR_ORGANISM;0;1;0;0;0;0
GOBP_CELLULAR_RESPIRATION;1;1;1;1;1;1
GOBP_CELLULAR_RESPONSE_TO_ABIOTIC_STIMULUS;0;1;0;0;0;0
GOBP_CELLULAR_RESPONSE_TO_ACID_CHEMICAL;1;1;0;0;0;0
GOBP_CELLULAR_RESPONSE_TO_ALCOHOL;0;1;0;0;0;0
GOBP_CELLULAR_RESPONSE_TO_ALKALOID;0;1;0;1;0;0
GOBP_CELLULAR_RESPONSE_TO_ATP;0;0;0;1;0;0
GOBP_CELLULAR_RESPONSE_TO_BIOTIC_STIMULUS;0;0;1;1;1;1
GOBP_CELLULAR_RESPONSE_TO_CAMP;0;1;0;0;0;0
GOBP_CELLULAR_RESPONSE_TO_CARBOHYDRATE_STIMULUS;0;1;0;0;0;0
GOBP_CELLULAR_RESPONSE_TO_CHEMICAL_STRESS;0;1;0;0;0;1
GOBP_CELLULAR_RESPONSE_TO_COPPER_ION;0;0;1;1;0;0
GOBP_CELLULAR_RESPONSE_TO_DSRNA;0;0;1;1;0;1
GOBP_CELLULAR_RESPONSE_TO_EXOGENOUS_DSRNA;0;0;1;1;0;1
GOBP_CELLULAR_RESPONSE_TO_FATTY_ACID;1;1;1;0;0;0
GOBP_CELLULAR_RESPONSE_TO_GAMMA_RADIATION;1;1;0;0;0;0
GOBP_CELLULAR_RESPONSE_TO_GONADOTROPIN_STIMULUS;0;0;1;0;1;1
GOBP_CELLULAR_RESPONSE_TO_HEAT;1;0;0;0;0;0
GOBP_CELLULAR_RESPONSE_TO_HYDROGEN_PEROXIDE;0;1;0;0;0;0
GOBP_CELLULAR_RESPONSE_TO_INORGANIC_SUBSTANCE;0;1;0;0;0;0
GOBP_CELLULAR_RESPONSE_TO_INTERFERON_BETA;0;0;1;1;1;1
GOBP_CELLULAR_RESPONSE_TO_INTERFERON_GAMMA;1;0;1;1;1;1
GOBP_CELLULAR_RESPONSE_TO_INTERLEUKIN_1;1;0;0;0;1;1
GOBP_CELLULAR_RESPONSE_TO_IONIZING_RADIATION;1;1;0;0;0;0
GOBP_CELLULAR_RESPONSE_TO_LIPID;1;1;0;0;0;0
GOBP_CELLULAR_RESPONSE_TO_LIPOPROTEIN_PARTICLE_STIMULUS;0;1;0;0;0;0
GOBP_CELLULAR_RESPONSE_TO_MOLECULE_OF_BACTERIAL_ORIGIN;1;0;1;1;1;1
GOBP_CELLULAR_RESPONSE_TO_NITROGEN_COMPOUND;0;1;0;0;0;0
GOBP_CELLULAR_RESPONSE_TO_NUTRIENT;1;1;0;0;0;0
GOBP_CELLULAR_RESPONSE_TO_ORGANIC_CYCLIC_COMPOUND;1;1;0;0;0;0
GOBP_CELLULAR_RESPONSE_TO_OXYGEN_LEVELS;1;1;0;0;0;0
GOBP_CELLULAR_RESPONSE_TO_OXYGEN_RADICAL;0;0;0;0;1;1
GOBP_CELLULAR_RESPONSE_TO_RADIATION;0;1;0;0;0;0
GOBP_CELLULAR_RESPONSE_TO_REACTIVE_NITROGEN_SPECIES;0;0;1;1;0;1
GOBP_CELLULAR_RESPONSE_TO_TOXIC_SUBSTANCE;1;1;1;1;1;1
GOBP_CELLULAR_RESPONSE_TO_VASCULAR_ENDOTHELIAL_GROWTH_FACTOR_STIMULUS;0;1;0;0;0;0
GOBP_CELLULAR_RESPONSE_TO_VIRUS;0;0;1;1;1;1
GOBP_CELLULAR_RESPONSE_TO_XENOBIOTIC_STIMULUS;0;1;0;0;0;0
GOBP_CELLULAR_RESPONSE_TO_ZINC_ION;0;0;1;1;1;1
GOBP_CELLULAR_SODIUM_ION_HOMEOSTASIS;0;0;0;0;0;1
GOBP_CELLULAR_TRANSITION_METAL_ION_HOMEOSTASIS;0;1;1;0;1;1
GOBP_CENTRAL_NERVOUS_SYSTEM_NEURON_AXONOGENESIS;1;1;0;0;0;0
GOBP_CENTRAL_NERVOUS_SYSTEM_NEURON_DEVELOPMENT;0;1;0;0;0;0
GOBP_CENTRAL_NERVOUS_SYSTEM_NEURON_DIFFERENTIATION;0;1;0;0;0;0
GOBP_CENTROMERE_COMPLEX_ASSEMBLY;1;1;1;1;1;1
GOBP_CENTROSOME_DUPLICATION;0;0;1;1;0;0
GOBP_CENTROSOME_SEPARATION;0;0;0;1;0;0
GOBP_CERAMIDE_CATABOLIC_PROCESS;0;0;1;1;1;1
GOBP_CEREBRAL_CORTEX_CELL_MIGRATION;0;1;0;0;0;0
GOBP_CEREBRAL_CORTEX_RADIALLY_ORIENTED_CELL_MIGRATION;1;1;0;0;0;0
GOBP_CHAPERONE_COFACTOR_DEPENDENT_PROTEIN_REFOLDING;1;0;0;0;0;0
GOBP_CHAPERONE_MEDIATED_PROTEIN_COMPLEX_ASSEMBLY;1;0;1;1;0;1
GOBP_CHAPERONE_MEDIATED_PROTEIN_FOLDING;1;0;1;1;0;0
GOBP_CHEMICAL_HOMEOSTASIS_WITHIN_A_TISSUE;0;0;1;1;1;1
GOBP_CHEMOKINE_PRODUCTION;0;1;0;0;0;1
GOBP_CHOLESTEROL_EFFLUX;1;1;0;0;0;0
GOBP_CHOLESTEROL_STORAGE;0;1;0;0;0;0
GOBP_CHONDROITIN_SULFATE_PROTEOGLYCAN_METABOLIC_PROCESS;0;1;0;0;0;0
GOBP_CHROMATIN_DISASSEMBLY;0;0;1;0;0;0
GOBP_CHROMOSOME_CONDENSATION;1;1;1;1;1;1
GOBP_CHROMOSOME_LOCALIZATION;1;1;1;1;1;1
GOBP_CHROMOSOME_ORGANIZATION_INVOLVED_IN_MEIOTIC_CELL_CYCLE;1;1;1;0;0;0
GOBP_CHROMOSOME_SEGREGATION;1;1;1;1;1;1
GOBP_CHROMOSOME_SEPARATION;1;1;1;1;1;1
GOBP_CHRONIC_INFLAMMATORY_RESPONSE;0;0;1;1;1;1
GOBP_CIRCADIAN_RHYTHM;0;1;0;0;0;0
GOBP_CIRCULATORY_SYSTEM_PROCESS;0;1;0;0;0;0
GOBP_CLEAVAGE_INVOLVED_IN_RRNA_PROCESSING;0;0;1;1;1;1
GOBP_COENZYME_A_METABOLIC_PROCESS;0;0;1;1;1;1
GOBP_COGNITION;0;1;0;0;0;0
GOBP_COLLAGEN_CATABOLIC_PROCESS;0;1;0;0;0;0
GOBP_COMPLEMENT_ACTIVATION;0;1;0;0;0;1
GOBP_CONNECTIVE_TISSUE_DEVELOPMENT;0;1;0;0;0;0
GOBP_CONVERGENT_EXTENSION;0;0;0;0;1;1
GOBP_COPII_COATED_VESICLE_BUDDING;0;0;0;0;0;1
GOBP_CORONARY_VASCULATURE_DEVELOPMENT;0;1;0;0;0;0
GOBP_CORONARY_VASCULATURE_MORPHOGENESIS;0;0;0;0;1;1
GOBP_CORTICAL_ACTIN_CYTOSKELETON_ORGANIZATION;0;0;0;0;1;1
GOBP_CRANIAL_NERVE_DEVELOPMENT;0;1;0;0;0;0
GOBP_CRISTAE_FORMATION;0;0;1;0;0;0
GOBP_CYTOCHROME_COMPLEX_ASSEMBLY;0;0;1;1;1;1
GOBP_CYTOKINE_MEDIATED_SIGNALING_PATHWAY;1;1;1;1;1;1
GOBP_CYTOKINE_PRODUCTION_INVOLVED_IN_IMMUNE_RESPONSE;0;0;0;0;0;1
GOBP_CYTOKINESIS;1;1;1;1;1;1
GOBP_CYTOKINETIC_PROCESS;1;0;1;1;1;1
GOBP_CYTOPLASM_ORGANIZATION;0;0;1;0;0;0
GOBP_CYTOPLASMIC_PATTERN_RECOGNITION_RECEPTOR_SIGNALING_PATHWAY_IN_RESPONSE_TO_VIRUS;0;0;1;0;1;1
GOBP_CYTOPLASMIC_TRANSLATION;1;1;0;0;0;0
GOBP_CYTOSKELETON_DEPENDENT_CYTOKINESIS;1;1;1;1;1;1
GOBP_CYTOSOLIC_CALCIUM_ION_TRANSPORT;0;0;0;0;1;0
GOBP_DE_NOVO_PROTEIN_FOLDING;1;0;0;0;0;0
GOBP_DECIDUALIZATION;0;0;0;0;1;0
GOBP_DEFENSE_RESPONSE_TO_BACTERIUM;0;0;0;0;1;1
GOBP_DEFENSE_RESPONSE_TO_GRAM_NEGATIVE_BACTERIUM;0;1;0;0;0;0
GOBP_DEFENSE_RESPONSE_TO_GRAM_POSITIVE_BACTERIUM;0;0;0;0;0;1
GOBP_DEFENSE_RESPONSE_TO_SYMBIONT;0;0;1;1;1;1
GOBP_DENDRITIC_CELL_CYTOKINE_PRODUCTION;0;0;1;1;1;1
GOBP_DENDRITIC_CELL_DIFFERENTIATION;1;1;0;0;0;1
GOBP_DENDRITIC_SPINE_MAINTENANCE;0;1;0;0;0;0
GOBP_DEOXYRIBONUCLEOSIDE_MONOPHOSPHATE_METABOLIC_PROCESS;0;1;0;1;0;1
GOBP_DEOXYRIBONUCLEOSIDE_TRIPHOSPHATE_METABOLIC_PROCESS;0;0;1;1;1;1
GOBP_DEOXYRIBONUCLEOTIDE_BIOSYNTHETIC_PROCESS;0;0;1;1;1;0
GOBP_DEOXYRIBOSE_PHOSPHATE_CATABOLIC_PROCESS;0;0;1;1;1;1
GOBP_DEOXYRIBOSE_PHOSPHATE_METABOLIC_PROCESS;0;0;1;1;1;1
GOBP_DETERMINATION_OF_ADULT_LIFESPAN;0;0;0;0;0;1
GOBP_DETOXIFICATION;0;1;1;1;1;1
GOBP_DETOXIFICATION_OF_COPPER_ION;0;0;1;1;1;1
GOBP_DEVELOPMENT_OF_PRIMARY_FEMALE_SEXUAL_CHARACTERISTICS;0;1;0;0;0;0
GOBP_DEVELOPMENT_OF_PRIMARY_SEXUAL_CHARACTERISTICS;0;1;0;0;0;0
GOBP_DEVELOPMENTAL_CELL_GROWTH;0;1;0;0;0;0
GOBP_DEVELOPMENTAL_GROWTH_INVOLVED_IN_MORPHOGENESIS;0;1;0;0;0;0
GOBP_DEVELOPMENTAL_MATURATION;0;1;0;0;0;0
GOBP_DICARBOXYLIC_ACID_METABOLIC_PROCESS;0;0;1;1;1;1
GOBP_DIENCEPHALON_DEVELOPMENT;0;1;0;0;0;0
GOBP_DIGESTION;0;1;0;0;0;0
GOBP_DIGESTIVE_SYSTEM_PROCESS;0;1;0;0;0;0
GOBP_DIOL_BIOSYNTHETIC_PROCESS;0;0;1;1;1;1
GOBP_DIOL_METABOLIC_PROCESS;0;0;1;0;0;0
GOBP_DNA_BIOSYNTHETIC_PROCESS;1;0;1;1;1;1
GOBP_DNA_CONFORMATION_CHANGE;1;1;1;1;1;1
GOBP_DNA_DAMAGE_RESPONSE_SIGNAL_TRANSDUCTION_BY_P53_CLASS_MEDIATOR;1;1;0;0;0;0
GOBP_DNA_DAMAGE_RESPONSE_SIGNAL_TRANSDUCTION_BY_P53_CLASS_MEDIATOR_RESULTING_IN_CELL_CYCLE_ARREST;1;0;0;0;0;0
GOBP_DNA_DAMAGE_RESPONSE_SIGNAL_TRANSDUCTION_RESULTING_IN_TRANSCRIPTION;0;0;0;0;1;0
GOBP_DNA_DEALKYLATION;0;0;0;1;1;1
GOBP_DNA_DEPENDENT_DNA_REPLICATION;0;1;1;1;1;1
GOBP_DNA_DEPENDENT_DNA_REPLICATION_MAINTENANCE_OF_FIDELITY;0;0;1;1;1;1
GOBP_DNA_DOUBLE_STRAND_BREAK_PROCESSING;0;0;1;1;1;1
GOBP_DNA_GEOMETRIC_CHANGE;0;1;1;1;1;1
GOBP_DNA_INTEGRITY_CHECKPOINT_SIGNALING;0;0;1;1;1;1
GOBP_DNA_LIGATION;0;0;1;1;0;0
GOBP_DNA_PACKAGING;1;1;1;1;1;0
GOBP_DNA_RECOMBINATION;0;0;1;1;1;1
GOBP_DNA_REPLICATION;1;1;1;1;1;1
GOBP_DNA_REPLICATION_CHECKPOINT_SIGNALING;0;1;1;1;1;1
GOBP_DNA_REPLICATION_DEPENDENT_CHROMATIN_ORGANIZATION;0;0;0;1;1;0
GOBP_DNA_REPLICATION_INDEPENDENT_CHROMATIN_ORGANIZATION;1;1;1;1;1;1
GOBP_DNA_REPLICATION_INITIATION;0;1;1;1;1;1
GOBP_DNA_STRAND_ELONGATION;0;1;1;1;1;1
GOBP_DNA_STRAND_ELONGATION_INVOLVED_IN_DNA_REPLICATION;1;1;1;1;1;1
GOBP_DNA_SYNTHESIS_INVOLVED_IN_DNA_REPAIR;0;0;1;0;1;0
GOBP_DNA_UNWINDING_INVOLVED_IN_DNA_REPLICATION;1;1;1;1;1;1
GOBP_DOUBLE_STRAND_BREAK_REPAIR;0;0;1;1;1;1
GOBP_DOUBLE_STRAND_BREAK_REPAIR_VIA_NONHOMOLOGOUS_END_JOINING;0;0;1;1;0;0
GOBP_EAR_DEVELOPMENT;0;1;0;0;0;0
GOBP_EAR_MORPHOGENESIS;0;1;0;0;0;0
GOBP_ELECTRON_TRANSPORT_CHAIN;1;0;1;1;1;1
GOBP_EMBRYONIC_AXIS_SPECIFICATION;0;1;0;0;0;0
GOBP_EMBRYONIC_DIGIT_MORPHOGENESIS;0;1;0;0;0;0
GOBP_EMBRYONIC_MORPHOGENESIS;0;1;0;0;0;0
GOBP_EMBRYONIC_ORGAN_DEVELOPMENT;0;1;0;0;0;0
GOBP_EMBRYONIC_ORGAN_MORPHOGENESIS;0;1;0;0;0;0
GOBP_EMBRYONIC_PATTERN_SPECIFICATION;0;1;0;0;0;0
GOBP_ENDOPLASMIC_RETICULUM_TO_GOLGI_VESICLE_MEDIATED_TRANSPORT;0;0;0;0;0;1
GOBP_ENDOPLASMIC_RETICULUM_UNFOLDED_PROTEIN_RESPONSE;0;0;0;0;0;1
GOBP_ENDOSOME_TRANSPORT_VIA_MULTIVESICULAR_BODY_SORTING_PATHWAY;1;0;0;0;0;0
GOBP_ENDOTHELIAL_CELL_MIGRATION;0;1;0;0;0;0
GOBP_ENDOTHELIAL_CELL_PROLIFERATION;0;1;0;0;0;0
GOBP_ENDOTHELIUM_DEVELOPMENT;0;1;0;0;0;0
GOBP_ENERGY_DERIVATION_BY_OXIDATION_OF_ORGANIC_COMPOUNDS;1;1;1;1;1;1
GOBP_ENSHEATHMENT_OF_NEURONS;0;1;0;0;0;0
GOBP_ENTRY_INTO_HOST;1;0;1;1;1;1
GOBP_EOSINOPHIL_CHEMOTAXIS;0;0;0;0;1;1
GOBP_EOSINOPHIL_MIGRATION;0;0;0;0;1;1
GOBP_EPIBOLY;0;0;0;0;1;0
GOBP_EPITHELIAL_CELL_DIFFERENTIATION;0;1;0;0;0;0
GOBP_EPITHELIAL_TUBE_MORPHOGENESIS;0;1;0;0;0;0
GOBP_ERK1_AND_ERK2_CASCADE;1;1;0;0;1;1
GOBP_ERYTHROCYTE_HOMEOSTASIS;1;0;0;0;0;0
GOBP_ESTABLISHMENT_OF_CELL_POLARITY;0;1;0;0;0;0
GOBP_ESTABLISHMENT_OF_MITOTIC_SPINDLE_LOCALIZATION;0;1;1;1;1;1
GOBP_ESTABLISHMENT_OF_ORGANELLE_LOCALIZATION;0;0;1;1;1;1
GOBP_ESTABLISHMENT_OF_PIGMENT_GRANULE_LOCALIZATION;0;1;0;0;0;0
GOBP_ESTABLISHMENT_OF_PROTEIN_LOCALIZATION_TO_CHROMOSOME;1;0;1;1;0;0
GOBP_ESTABLISHMENT_OF_PROTEIN_LOCALIZATION_TO_MITOCHONDRIAL_MEMBRANE;0;0;1;1;1;1
GOBP_ESTABLISHMENT_OF_PROTEIN_LOCALIZATION_TO_ORGANELLE;0;0;1;0;0;0
GOBP_ESTABLISHMENT_OF_PROTEIN_LOCALIZATION_TO_TELOMERE;1;0;1;1;0;0
GOBP_ESTABLISHMENT_OF_RNA_LOCALIZATION;0;0;1;0;0;0
GOBP_ESTABLISHMENT_OF_SPINDLE_ORIENTATION;0;1;0;1;0;0
GOBP_ESTABLISHMENT_OF_TISSUE_POLARITY;0;1;0;0;0;0
GOBP_ESTABLISHMENT_OR_MAINTENANCE_OF_BIPOLAR_CELL_POLARITY;0;1;0;0;0;0
GOBP_ESTABLISHMENT_OR_MAINTENANCE_OF_CELL_POLARITY;0;1;0;1;1;1
GOBP_ESTABLISHMENT_OR_MAINTENANCE_OF_MONOPOLAR_CELL_POLARITY;0;1;0;0;0;0
GOBP_EXCITATORY_SYNAPSE_ASSEMBLY;0;0;0;0;0;1
GOBP_EXIT_FROM_MITOSIS;1;0;0;0;0;1
GOBP_EXOCRINE_SYSTEM_DEVELOPMENT;0;1;0;0;0;0
GOBP_EXTERNAL_ENCAPSULATING_STRUCTURE_ORGANIZATION;0;1;0;0;0;0
GOBP_EXTRACELLULAR_MATRIX_DISASSEMBLY;1;1;0;0;0;0
GOBP_EXTRINSIC_APOPTOTIC_SIGNALING_PATHWAY;1;1;0;0;1;1
GOBP_EXTRINSIC_APOPTOTIC_SIGNALING_PATHWAY_VIA_DEATH_DOMAIN_RECEPTORS;1;1;0;0;0;0
GOBP_FAT_CELL_DIFFERENTIATION;1;1;0;0;0;0
GOBP_FAT_SOLUBLE_VITAMIN_METABOLIC_PROCESS;0;0;0;0;1;0
GOBP_FATTY_ACID_BETA_OXIDATION;0;0;1;1;1;1
GOBP_FATTY_ACID_BIOSYNTHETIC_PROCESS;1;1;1;1;1;1
GOBP_FATTY_ACID_CATABOLIC_PROCESS;0;0;1;1;1;1
GOBP_FATTY_ACID_DERIVATIVE_BIOSYNTHETIC_PROCESS;0;0;1;1;1;1
GOBP_FATTY_ACID_DERIVATIVE_METABOLIC_PROCESS;0;0;1;1;1;1
GOBP_FATTY_ACID_METABOLIC_PROCESS;0;1;1;1;1;1
GOBP_FATTY_ACYL_COA_BIOSYNTHETIC_PROCESS;0;0;1;1;1;1
GOBP_FATTY_ACYL_COA_METABOLIC_PROCESS;0;0;1;1;1;1
GOBP_FC_GAMMA_RECEPTOR_SIGNALING_PATHWAY;1;1;0;0;0;0
GOBP_FC_RECEPTOR_MEDIATED_STIMULATORY_SIGNALING_PATHWAY;0;1;0;0;0;0
GOBP_FC_RECEPTOR_SIGNALING_PATHWAY;1;0;0;0;0;0
GOBP_FEMALE_GAMETE_GENERATION;0;0;0;0;1;0
GOBP_FEMALE_GENITALIA_DEVELOPMENT;0;0;0;0;0;1
GOBP_FEMALE_MEIOTIC_NUCLEAR_DIVISION;1;1;1;1;1;1
GOBP_FEMALE_SEX_DIFFERENTIATION;1;1;0;0;0;0
GOBP_FIBROBLAST_GROWTH_FACTOR_RECEPTOR_SIGNALING_PATHWAY;0;1;0;0;0;0
GOBP_FIBROBLAST_PROLIFERATION;1;1;0;0;1;1
GOBP_FOAM_CELL_DIFFERENTIATION;0;1;0;0;0;0
GOBP_FOLIC_ACID_CONTAINING_COMPOUND_METABOLIC_PROCESS;0;1;1;1;1;1
GOBP_FOLIC_ACID_METABOLIC_PROCESS;0;0;1;1;1;1
GOBP_FOREBRAIN_DEVELOPMENT;1;1;0;0;0;0
GOBP_FOREBRAIN_GENERATION_OF_NEURONS;0;1;0;0;0;0
GOBP_FOREBRAIN_NEURON_DIFFERENTIATION;0;1;0;0;0;0
GOBP_FORMATION_OF_EXTRACHROMOSOMAL_CIRCULAR_DNA;0;0;1;0;0;0
GOBP_GENERATION_OF_PRECURSOR_METABOLITES_AND_ENERGY;1;0;1;1;1;1
GOBP_GLAND_DEVELOPMENT;1;1;0;0;0;0
GOBP_GLAND_MORPHOGENESIS;0;1;0;0;0;0
GOBP_GLIAL_CELL_DIFFERENTIATION;0;1;0;0;0;0
GOBP_GLIAL_CELL_MIGRATION;1;1;0;0;0;0
GOBP_GLIAL_CELL_PROLIFERATION;1;1;0;0;0;0
GOBP_GLIOGENESIS;1;1;0;0;0;0
GOBP_GLUCOSAMINE_CONTAINING_COMPOUND_METABOLIC_PROCESS;0;1;0;0;1;1
GOBP_GLUCOSE_6_PHOSPHATE_METABOLIC_PROCESS;0;0;1;0;1;0
GOBP_GLUCOSE_CATABOLIC_PROCESS;0;0;1;1;0;0
GOBP_GLUTAMINE_FAMILY_AMINO_ACID_BIOSYNTHETIC_PROCESS;0;0;1;1;1;1
GOBP_GLUTAMINE_FAMILY_AMINO_ACID_METABOLIC_PROCESS;1;1;1;1;1;1
GOBP_GLUTAMINE_METABOLIC_PROCESS;0;0;1;1;1;1
GOBP_GLUTATHIONE_METABOLIC_PROCESS;1;1;1;1;1;1
GOBP_GLYCEROLIPID_CATABOLIC_PROCESS;1;1;0;0;0;0
GOBP_GLYCINE_METABOLIC_PROCESS;0;0;1;1;1;1
GOBP_GLYCOSPHINGOLIPID_METABOLIC_PROCESS;0;1;0;0;0;0
GOBP_GLYCOSYL_COMPOUND_CATABOLIC_PROCESS;0;0;0;1;1;1
GOBP_GLYCOSYL_COMPOUND_METABOLIC_PROCESS;0;0;1;1;1;1
GOBP_GMP_METABOLIC_PROCESS;0;0;1;1;1;1
GOBP_GOLGI_VESICLE_TRANSPORT;0;0;0;0;0;1
GOBP_GRANULOCYTE_ACTIVATION;1;0;1;1;1;1
GOBP_GRANULOCYTE_CHEMOTAXIS;1;0;1;1;1;1
GOBP_GRANULOCYTE_MACROPHAGE_COLONY_STIMULATING_FACTOR_PRODUCTION;0;0;0;0;1;1
GOBP_GRANULOCYTE_MIGRATION;1;0;1;1;1;1
GOBP_GTP_METABOLIC_PROCESS;1;0;1;1;1;1
GOBP_HEAD_DEVELOPMENT;0;1;0;0;0;0
GOBP_HEMATOPOIETIC_PROGENITOR_CELL_DIFFERENTIATION;0;1;0;0;1;1
GOBP_HEMOSTASIS;1;1;0;0;1;0
GOBP_HEPARAN_SULFATE_PROTEOGLYCAN_METABOLIC_PROCESS;0;1;0;0;0;0
GOBP_HETEROPHILIC_CELL_CELL_ADHESION_VIA_PLASMA_MEMBRANE_CELL_ADHESION_MOLECULES;0;1;0;0;0;0
GOBP_HETEROTYPIC_CELL_CELL_ADHESION;0;1;0;0;0;0
GOBP_HIPPO_SIGNALING;0;0;1;0;0;0
GOBP_HIPPOCAMPUS_DEVELOPMENT;0;1;0;0;0;0
GOBP_HISTONE_EXCHANGE;0;0;1;1;1;1
GOBP_HISTONE_MONOUBIQUITINATION;0;0;1;1;0;0
GOBP_HISTONE_MRNA_METABOLIC_PROCESS;0;0;1;0;0;0
GOBP_HISTONE_PHOSPHORYLATION;0;0;1;1;1;1
GOBP_HOMEOSTASIS_OF_NUMBER_OF_CELLS_WITHIN_A_TISSUE;0;0;0;0;1;1
GOBP_HOMOLOGOUS_RECOMBINATION;0;1;1;1;1;1
GOBP_HOMOPHILIC_CELL_ADHESION_VIA_PLASMA_MEMBRANE_ADHESION_MOLECULES;0;1;0;0;0;0
GOBP_HOMOTYPIC_CELL_CELL_ADHESION;1;0;0;0;0;0
GOBP_HUMORAL_IMMUNE_RESPONSE;0;0;0;0;1;1
GOBP_HUMORAL_IMMUNE_RESPONSE_MEDIATED_BY_CIRCULATING_IMMUNOGLOBULIN;0;0;0;0;0;1
GOBP_HYALURONAN_METABOLIC_PROCESS;0;1;0;0;0;0
GOBP_I_KAPPAB_KINASE_NF_KAPPAB_SIGNALING;0;1;0;0;0;1
GOBP_I_KAPPAB_PHOSPHORYLATION;0;0;0;1;1;1
GOBP_ICOSANOID_BIOSYNTHETIC_PROCESS;0;1;0;0;0;0
GOBP_ICOSANOID_METABOLIC_PROCESS;1;1;0;0;0;1
GOBP_IMMUNE_RESPONSE_REGULATING_CELL_SURFACE_RECEPTOR_SIGNALING_PATHWAY;0;0;0;0;0;1
GOBP_IMMUNE_RESPONSE_REGULATING_SIGNALING_PATHWAY;0;0;0;0;0;1
GOBP_IMMUNE_RESPONSE_TO_TUMOR_CELL;0;0;0;1;1;1
GOBP_IMMUNOGLOBULIN_PRODUCTION;0;0;0;0;1;1
GOBP_IMMUNOGLOBULIN_PRODUCTION_INVOLVED_IN_IMMUNOGLOBULIN_MEDIATED_IMMUNE_RESPONSE;0;0;0;0;1;0
GOBP_IMMUNOLOGICAL_SYNAPSE_FORMATION;0;0;0;0;1;1
GOBP_IMP_METABOLIC_PROCESS;0;1;0;0;0;0
GOBP_INFLAMMATORY_CELL_APOPTOTIC_PROCESS;0;0;0;0;1;1
GOBP_INFLAMMATORY_RESPONSE;0;1;0;0;0;0
GOBP_INFLAMMATORY_RESPONSE_TO_ANTIGENIC_STIMULUS;0;0;0;0;0;1
GOBP_INNER_EAR_MORPHOGENESIS;0;1;0;0;0;0
GOBP_INNER_MITOCHONDRIAL_MEMBRANE_ORGANIZATION;0;0;1;1;1;1
GOBP_INOSITOL_PHOSPHATE_BIOSYNTHETIC_PROCESS;0;0;0;1;1;1
GOBP_INOSITOL_PHOSPHATE_METABOLIC_PROCESS;0;0;1;1;0;0
GOBP_INTEGRIN_ACTIVATION;1;0;0;0;0;0
GOBP_INTERFERON_ALPHA_PRODUCTION;0;0;1;1;0;1
GOBP_INTERFERON_BETA_PRODUCTION;0;0;1;1;1;1
GOBP_INTERFERON_GAMMA_PRODUCTION;0;0;0;1;1;1
GOBP_INTERLEUKIN_10_PRODUCTION;0;0;1;0;1;1
GOBP_INTERLEUKIN_12_PRODUCTION;0;0;0;0;0;1
GOBP_INTERLEUKIN_13_PRODUCTION;0;0;1;1;1;1
GOBP_INTERLEUKIN_2_PRODUCTION;0;0;0;0;1;1
GOBP_INTERLEUKIN_6_PRODUCTION;0;1;0;0;0;1
GOBP_INTERSTRAND_CROSS_LINK_REPAIR;0;0;1;1;1;1
GOBP_INTRACELLULAR_PROTEIN_TRANSMEMBRANE_TRANSPORT;1;0;1;0;0;0
GOBP_INTRACELLULAR_RECEPTOR_SIGNALING_PATHWAY;0;1;0;0;0;0
GOBP_INTRACILIARY_TRANSPORT;1;0;0;0;0;0
GOBP_INTRINSIC_APOPTOTIC_SIGNALING_PATHWAY;1;1;1;1;1;1
GOBP_INTRINSIC_APOPTOTIC_SIGNALING_PATHWAY_BY_P53_CLASS_MEDIATOR;1;0;1;1;1;0
GOBP_INTRINSIC_APOPTOTIC_SIGNALING_PATHWAY_IN_RESPONSE_TO_DNA_DAMAGE;1;1;1;1;1;1
GOBP_INTRINSIC_APOPTOTIC_SIGNALING_PATHWAY_IN_RESPONSE_TO_DNA_DAMAGE_BY_P53_CLASS_MEDIATOR;1;0;0;0;0;0
GOBP_IRON_ION_HOMEOSTASIS;0;1;0;0;0;1
GOBP_IRON_ION_TRANSMEMBRANE_TRANSPORT;0;1;0;0;0;0
GOBP_IRON_SULFUR_CLUSTER_ASSEMBLY;1;0;1;0;0;0
GOBP_ISOPRENOID_BIOSYNTHETIC_PROCESS;0;0;1;1;1;1
GOBP_ISOTYPE_SWITCHING_TO_IGG_ISOTYPES;0;0;1;0;0;0
GOBP_KERATINIZATION;0;0;1;0;1;1
GOBP_KERATINOCYTE_DIFFERENTIATION;0;0;0;0;1;1
GOBP_KIDNEY_MORPHOGENESIS;0;1;0;0;0;0
GOBP_KILLING_OF_CELLS_OF_ANOTHER_ORGANISM;0;0;0;0;1;1
GOBP_KINETOCHORE_ASSEMBLY;1;1;1;1;1;1
GOBP_KINETOCHORE_ORGANIZATION;1;1;1;1;1;1
GOBP_LACTATION;0;0;1;1;1;0
GOBP_LENS_DEVELOPMENT_IN_CAMERA_TYPE_EYE;0;0;0;0;0;1
GOBP_LENS_FIBER_CELL_DIFFERENTIATION;0;0;0;1;0;0
GOBP_LEUKOCYTE_APOPTOTIC_PROCESS;0;0;0;1;1;1
GOBP_LEUKOCYTE_CELL_CELL_ADHESION;1;0;0;1;1;1
GOBP_LEUKOCYTE_CHEMOTAXIS;1;1;0;0;1;1
GOBP_LEUKOCYTE_DEGRANULATION;0;1;0;0;0;0
GOBP_LEUKOCYTE_DIFFERENTIATION;1;1;0;0;0;0
GOBP_LEUKOCYTE_MEDIATED_IMMUNITY;0;0;0;0;1;1
GOBP_LEUKOCYTE_MIGRATION;1;1;0;1;1;1
GOBP_LEUKOCYTE_MIGRATION_INVOLVED_IN_INFLAMMATORY_RESPONSE;0;0;0;0;0;1
GOBP_LEUKOCYTE_PROLIFERATION;1;0;0;1;1;1
GOBP_LEUKOCYTE_TETHERING_OR_ROLLING;0;0;0;1;1;1
GOBP_LIMBIC_SYSTEM_DEVELOPMENT;1;1;0;0;0;0
GOBP_LIPID_CATABOLIC_PROCESS;0;0;1;1;1;1
GOBP_LIPID_EXPORT_FROM_CELL;1;0;0;0;0;0
GOBP_LIPID_HOMEOSTASIS;1;1;0;0;0;0
GOBP_LIPID_LOCALIZATION;0;1;0;0;0;0
GOBP_LIPID_OXIDATION;0;0;1;1;1;1
GOBP_LIPID_STORAGE;0;1;0;0;0;0
GOBP_LIPOPOLYSACCHARIDE_MEDIATED_SIGNALING_PATHWAY;1;0;0;0;1;1
GOBP_LIVER_REGENERATION;1;0;0;0;0;0
GOBP_LONG_CHAIN_FATTY_ACID_BIOSYNTHETIC_PROCESS;0;0;0;1;0;1
GOBP_LONG_CHAIN_FATTY_ACID_METABOLIC_PROCESS;1;0;1;1;1;1
GOBP_LONG_CHAIN_FATTY_ACYL_COA_BIOSYNTHETIC_PROCESS;0;0;1;1;1;1
GOBP_LONG_CHAIN_FATTY_ACYL_COA_METABOLIC_PROCESS;0;0;1;1;1;1
GOBP_LONG_TERM_MEMORY;0;1;0;0;0;0
GOBP_LOW_DENSITY_LIPOPROTEIN_PARTICLE_CLEARANCE;0;1;0;1;0;1
GOBP_LUNG_ALVEOLUS_DEVELOPMENT;0;1;0;0;0;0
GOBP_LYMPHOCYTE_ACTIVATION_INVOLVED_IN_IMMUNE_RESPONSE;0;0;0;1;1;1
GOBP_LYMPHOCYTE_APOPTOTIC_PROCESS;0;0;0;0;0;1
GOBP_LYMPHOCYTE_CHEMOTAXIS;1;1;1;1;1;1
GOBP_LYMPHOCYTE_COSTIMULATION;1;0;0;1;1;1
GOBP_LYMPHOCYTE_MEDIATED_IMMUNITY;0;0;0;0;1;1
GOBP_LYMPHOCYTE_MIGRATION;1;0;1;1;1;1
GOBP_LYMPHOID_PROGENITOR_CELL_DIFFERENTIATION;1;1;0;0;0;0
GOBP_LYSOSOMAL_PROTEIN_CATABOLIC_PROCESS;0;0;0;0;1;1
GOBP_MACROPHAGE_ACTIVATION;0;1;0;0;0;0
GOBP_MACROPHAGE_ACTIVATION_INVOLVED_IN_IMMUNE_RESPONSE;0;0;0;0;0;1
GOBP_MACROPHAGE_CHEMOTAXIS;0;1;0;0;0;0
GOBP_MACROPHAGE_DIFFERENTIATION;1;1;0;0;0;0
GOBP_MACROPHAGE_MIGRATION;1;1;0;0;1;1
GOBP_MAINTENANCE_OF_CELL_POLARITY;0;0;1;0;0;1
GOBP_MAINTENANCE_OF_LOCATION_IN_CELL;0;0;0;0;1;1
GOBP_MAINTENANCE_OF_PROTEIN_LOCATION;0;0;0;0;0;1
GOBP_MAINTENANCE_OF_PROTEIN_LOCATION_IN_CELL;0;0;0;1;1;1
GOBP_MAMMARY_GLAND_DEVELOPMENT;0;1;0;0;0;0
GOBP_MAMMARY_GLAND_DUCT_MORPHOGENESIS;0;1;0;0;0;0
GOBP_MAMMARY_GLAND_EPITHELIUM_DEVELOPMENT;0;1;0;0;0;0
GOBP_MAMMARY_GLAND_MORPHOGENESIS;0;1;0;0;0;0
GOBP_MAPK_CASCADE;0;1;0;0;0;0
GOBP_MAST_CELL_ACTIVATION;0;1;0;0;0;0
GOBP_MAST_CELL_ACTIVATION_INVOLVED_IN_IMMUNE_RESPONSE;0;1;0;0;0;0
GOBP_MATURATION_OF_5_8S_RRNA;0;0;1;1;1;1
GOBP_MATURATION_OF_5_8S_RRNA_FROM_TRICISTRONIC_RRNA_TRANSCRIPT_SSU_RRNA_5_8S_RRNA_LSU_RRNA;0;0;1;1;1;0
GOBP_MATURATION_OF_LSU_RRNA;1;0;1;1;0;0
GOBP_MATURATION_OF_LSU_RRNA_FROM_TRICISTRONIC_RRNA_TRANSCRIPT_SSU_RRNA_5_8S_RRNA_LSU_RRNA;1;0;0;0;0;0
GOBP_MATURATION_OF_SSU_RRNA;1;0;1;1;0;1
GOBP_MATURATION_OF_SSU_RRNA_FROM_TRICISTRONIC_RRNA_TRANSCRIPT_SSU_RRNA_5_8S_RRNA_LSU_RRNA;1;0;1;1;0;0
GOBP_MEIOSIS_I_CELL_CYCLE_PROCESS;1;1;1;1;1;0
GOBP_MEIOTIC_CELL_CYCLE;0;1;1;1;1;1
GOBP_MEIOTIC_CELL_CYCLE_PROCESS;1;1;1;1;1;1
GOBP_MEIOTIC_CHROMOSOME_SEGREGATION;0;1;1;1;1;0
GOBP_MEIOTIC_CHROMOSOME_SEPARATION;0;1;1;1;1;1
GOBP_MEIOTIC_SPINDLE_ORGANIZATION;0;0;1;1;1;1
GOBP_MEMBRANE_BIOGENESIS;0;0;0;0;0;1
GOBP_MEMBRANE_INVAGINATION;0;0;0;0;0;1
GOBP_MEMBRANE_LIPID_CATABOLIC_PROCESS;0;0;1;1;1;1
GOBP_MEMBRANE_LIPID_METABOLIC_PROCESS;0;0;0;0;1;0
GOBP_MEMORY;0;1;0;0;0;0
GOBP_MESENCHYMAL_CELL_DEVELOPMENT;0;1;0;0;0;0
GOBP_MESONEPHROS_DEVELOPMENT;0;1;0;0;0;0
GOBP_METAL_ION_EXPORT;0;1;0;0;0;0
GOBP_METAPHASE_ANAPHASE_TRANSITION_OF_CELL_CYCLE;1;1;1;1;1;1
GOBP_METAPHASE_PLATE_CONGRESSION;1;1;1;1;1;1
GOBP_MICROGLIAL_CELL_ACTIVATION;0;1;0;0;0;0
GOBP_MICROTUBULE_BASED_TRANSPORT;0;1;0;0;0;0
GOBP_MICROTUBULE_CYTOSKELETON_ORGANIZATION;0;1;0;0;0;0
GOBP_MICROTUBULE_CYTOSKELETON_ORGANIZATION_INVOLVED_IN_MITOSIS;1;1;1;1;1;1
GOBP_MICROTUBULE_DEPOLYMERIZATION;0;0;1;1;1;1
GOBP_MICROTUBULE_NUCLEATION;0;0;0;0;0;1
GOBP_MICROTUBULE_ORGANIZING_CENTER_LOCALIZATION;0;0;1;1;1;1
GOBP_MICROTUBULE_ORGANIZING_CENTER_ORGANIZATION;0;1;1;1;1;1
GOBP_MICROTUBULE_POLYMERIZATION;0;0;1;1;1;1
GOBP_MICROTUBULE_POLYMERIZATION_OR_DEPOLYMERIZATION;0;0;1;1;1;1
GOBP_MIDBODY_ABSCISSION;1;0;0;0;0;0
GOBP_MISMATCH_REPAIR;0;0;1;1;1;1
GOBP_MITOCHONDRIAL_ATP_SYNTHESIS_COUPLED_PROTON_TRANSPORT;1;0;1;1;1;1
GOBP_MITOCHONDRIAL_CALCIUM_ION_HOMEOSTASIS;0;0;0;0;0;1
GOBP_MITOCHONDRIAL_CALCIUM_ION_TRANSMEMBRANE_TRANSPORT;0;0;0;1;1;1
GOBP_MITOCHONDRIAL_CYTOCHROME_C_OXIDASE_ASSEMBLY;0;0;1;1;0;1
GOBP_MITOCHONDRIAL_DNA_METABOLIC_PROCESS;0;0;1;1;1;1
GOBP_MITOCHONDRIAL_DNA_REPLICATION;0;0;1;1;1;0
GOBP_MITOCHONDRIAL_ELECTRON_TRANSPORT_NADH_TO_UBIQUINONE;1;0;1;1;1;1
GOBP_MITOCHONDRIAL_FUSION;0;1;0;0;0;0
GOBP_MITOCHONDRIAL_GENE_EXPRESSION;1;0;1;1;1;1
GOBP_MITOCHONDRIAL_GENOME_MAINTENANCE;0;0;1;1;1;1
GOBP_MITOCHONDRIAL_MEMBRANE_ORGANIZATION;1;1;1;1;1;1
GOBP_MITOCHONDRIAL_OUTER_MEMBRANE_PERMEABILIZATION;0;0;1;0;0;0
GOBP_MITOCHONDRIAL_OUTER_MEMBRANE_PERMEABILIZATION_INVOLVED_IN_PROGRAMMED_CELL_DEATH;1;0;1;0;0;0
GOBP_MITOCHONDRIAL_RESPIRATORY_CHAIN_COMPLEX_ASSEMBLY;1;0;1;1;1;1
GOBP_MITOCHONDRIAL_RNA_METABOLIC_PROCESS;1;0;1;1;0;1
GOBP_MITOCHONDRIAL_RNA_PROCESSING;0;0;1;1;0;0
GOBP_MITOCHONDRIAL_TRANSCRIPTION;0;0;1;0;0;0
GOBP_MITOCHONDRIAL_TRANSLATION;1;0;1;1;1;1
GOBP_MITOCHONDRIAL_TRANSMEMBRANE_TRANSPORT;0;0;1;1;1;1
GOBP_MITOCHONDRIAL_TRANSPORT;1;0;1;1;1;1
GOBP_MITOCHONDRION_ORGANIZATION;1;0;0;0;0;0
GOBP_MITOTIC_CELL_CYCLE_CHECKPOINT_SIGNALING;1;1;1;1;1;1
GOBP_MITOTIC_CELL_CYCLE_PHASE_TRANSITION;1;1;1;1;1;1
GOBP_MITOTIC_CHROMOSOME_CONDENSATION;1;1;1;1;1;1
GOBP_MITOTIC_CYTOKINESIS;1;1;1;1;1;1
GOBP_MITOTIC_CYTOKINETIC_PROCESS;1;0;0;0;0;0
GOBP_MITOTIC_DNA_INTEGRITY_CHECKPOINT_SIGNALING;0;0;1;1;1;1
GOBP_MITOTIC_G2_DNA_DAMAGE_CHECKPOINT_SIGNALING;1;0;1;0;0;1
GOBP_MITOTIC_G2_M_TRANSITION_CHECKPOINT;0;0;1;1;1;1
GOBP_MITOTIC_METAPHASE_PLATE_CONGRESSION;1;0;1;1;1;1
GOBP_MITOTIC_NUCLEAR_DIVISION;1;1;1;1;1;1
GOBP_MITOTIC_RECOMBINATION;0;0;1;1;1;1
GOBP_MITOTIC_SISTER_CHROMATID_COHESION;0;0;1;1;1;1
GOBP_MITOTIC_SISTER_CHROMATID_SEGREGATION;1;1;1;1;1;1
GOBP_MITOTIC_SPINDLE_ASSEMBLY;1;1;1;1;1;1
GOBP_MITOTIC_SPINDLE_ORGANIZATION;1;1;1;1;1;1
GOBP_MODULATION_BY_HOST_OF_SYMBIONT_PROCESS;1;1;0;0;0;0
GOBP_MODULATION_OF_EXCITATORY_POSTSYNAPTIC_POTENTIAL;0;1;0;0;0;0
GOBP_MODULATION_OF_PROCESS_OF_ANOTHER_ORGANISM;0;0;0;0;1;1
GOBP_MONOCARBOXYLIC_ACID_BIOSYNTHETIC_PROCESS;1;1;1;1;1;1
GOBP_MONOCARBOXYLIC_ACID_CATABOLIC_PROCESS;0;0;1;1;1;1
GOBP_MONOCYTE_CHEMOTAXIS;1;1;1;1;1;1
GOBP_MONOCYTE_DIFFERENTIATION;0;1;0;0;0;0
GOBP_MONONUCLEAR_CELL_DIFFERENTIATION;1;1;0;0;0;0
GOBP_MONONUCLEAR_CELL_MIGRATION;1;0;1;1;1;1
GOBP_MONOSACCHARIDE_CATABOLIC_PROCESS;1;0;0;0;0;0
GOBP_MORPHOGENESIS_OF_A_BRANCHING_STRUCTURE;0;1;0;0;0;0
GOBP_MORPHOGENESIS_OF_A_POLARIZED_EPITHELIUM;0;1;0;0;0;0
GOBP_MORPHOGENESIS_OF_AN_EPITHELIAL_SHEET;0;1;0;0;1;0
GOBP_MORPHOGENESIS_OF_AN_EPITHELIUM;0;1;0;0;0;0
GOBP_MRNA_3_END_PROCESSING;0;0;1;0;0;0
GOBP_MRNA_PROCESSING;0;0;1;0;0;0
GOBP_MRNA_TRANSCRIPTION;1;0;0;0;0;0
GOBP_MUCOPOLYSACCHARIDE_METABOLIC_PROCESS;0;1;0;0;0;0
GOBP_MUSCLE_ADAPTATION;0;1;0;0;0;0
GOBP_MUSCLE_CELL_DIFFERENTIATION;0;1;0;0;1;0
GOBP_MUSCLE_CELL_MIGRATION;1;1;0;0;1;1
GOBP_MUSCLE_CELL_PROLIFERATION;0;1;0;0;0;0
GOBP_MUSCLE_HYPERTROPHY;0;1;0;0;0;0
GOBP_MUSCLE_STRUCTURE_DEVELOPMENT;0;1;0;0;0;0
GOBP_MYELIN_ASSEMBLY;0;1;0;0;0;0
GOBP_MYELOID_CELL_ACTIVATION_INVOLVED_IN_IMMUNE_RESPONSE;0;1;0;0;1;1
GOBP_MYELOID_CELL_DIFFERENTIATION;1;1;0;0;0;0
GOBP_MYELOID_CELL_HOMEOSTASIS;1;0;0;0;0;0
GOBP_MYELOID_DENDRITIC_CELL_ACTIVATION;0;0;0;1;1;1
GOBP_MYELOID_DENDRITIC_CELL_DIFFERENTIATION;0;0;1;1;1;1
GOBP_MYELOID_LEUKOCYTE_ACTIVATION;1;1;0;1;1;1
GOBP_MYELOID_LEUKOCYTE_DIFFERENTIATION;1;1;0;0;1;1
GOBP_MYELOID_LEUKOCYTE_MEDIATED_IMMUNITY;0;1;0;0;0;0
GOBP_MYELOID_LEUKOCYTE_MIGRATION;1;1;1;1;1;1
GOBP_MYOBLAST_DIFFERENTIATION;0;0;0;0;1;1
GOBP_MYOBLAST_FUSION;0;1;0;0;0;0
GOBP_MYOTUBE_DIFFERENTIATION;1;1;0;0;0;0
GOBP_N_ACETYLGLUCOSAMINE_METABOLIC_PROCESS;0;0;0;0;0;1
GOBP_NAD_METABOLIC_PROCESS;0;0;1;1;1;1
GOBP_NADH_DEHYDROGENASE_COMPLEX_ASSEMBLY;1;0;1;1;1;1
GOBP_NADH_METABOLIC_PROCESS;0;0;1;1;1;1
GOBP_NADP_METABOLIC_PROCESS;0;0;1;1;1;1
GOBP_NADPH_REGENERATION;0;0;1;0;0;0
GOBP_NATURAL_KILLER_CELL_ACTIVATION;0;0;0;0;1;1
GOBP_NATURAL_KILLER_CELL_ACTIVATION_INVOLVED_IN_IMMUNE_RESPONSE;0;0;0;1;1;1
GOBP_NATURAL_KILLER_CELL_MEDIATED_IMMUNITY;1;1;0;0;1;1
GOBP_NCRNA_3_END_PROCESSING;0;0;1;1;0;1
GOBP_NCRNA_METABOLIC_PROCESS;1;0;0;0;0;0
GOBP_NCRNA_PROCESSING;1;0;1;1;1;1
GOBP_NCRNA_TRANSCRIPTION;0;0;1;1;0;1
GOBP_NEGATIVE_CHEMOTAXIS;1;1;0;0;0;0
GOBP_NEGATIVE_REGULATION_OF_APOPTOTIC_SIGNALING_PATHWAY;1;1;1;1;1;1
GOBP_NEGATIVE_REGULATION_OF_BIOMINERALIZATION;0;0;1;1;1;1
GOBP_NEGATIVE_REGULATION_OF_BLOOD_VESSEL_ENDOTHELIAL_CELL_MIGRATION;0;1;0;0;0;0
GOBP_NEGATIVE_REGULATION_OF_BONE_MINERALIZATION;0;0;1;1;1;1
GOBP_NEGATIVE_REGULATION_OF_CATALYTIC_ACTIVITY;0;1;0;0;0;0
GOBP_NEGATIVE_REGULATION_OF_CD4_POSITIVE_ALPHA_BETA_T_CELL_ACTIVATION;0;0;0;0;1;0
GOBP_NEGATIVE_REGULATION_OF_CELL_ACTIVATION;1;1;1;1;1;1
GOBP_NEGATIVE_REGULATION_OF_CELL_ADHESION;0;0;0;0;1;1
GOBP_NEGATIVE_REGULATION_OF_CELL_CELL_ADHESION;0;0;0;0;1;1
GOBP_NEGATIVE_REGULATION_OF_CELL_CYCLE;0;1;1;1;1;1
GOBP_NEGATIVE_REGULATION_OF_CELL_CYCLE_G2_M_PHASE_TRANSITION;0;0;1;1;1;1
GOBP_NEGATIVE_REGULATION_OF_CELL_CYCLE_PHASE_TRANSITION;1;1;1;1;1;1
GOBP_NEGATIVE_REGULATION_OF_CELL_CYCLE_PROCESS;0;1;1;1;1;1
GOBP_NEGATIVE_REGULATION_OF_CELL_DIVISION;1;1;1;1;1;1
GOBP_NEGATIVE_REGULATION_OF_CELL_POPULATION_PROLIFERATION;0;1;0;0;0;0
GOBP_NEGATIVE_REGULATION_OF_CELLULAR_MACROMOLECULE_BIOSYNTHETIC_PROCESS;0;0;1;1;0;0
GOBP_NEGATIVE_REGULATION_OF_CHEMOTAXIS;1;0;0;0;0;0
GOBP_NEGATIVE_REGULATION_OF_CHONDROCYTE_DIFFERENTIATION;0;0;0;0;1;0
GOBP_NEGATIVE_REGULATION_OF_CHROMOSOME_ORGANIZATION;1;1;1;1;1;1
GOBP_NEGATIVE_REGULATION_OF_COAGULATION;1;0;0;0;1;0
GOBP_NEGATIVE_REGULATION_OF_CYSTEINE_TYPE_ENDOPEPTIDASE_ACTIVITY;1;0;0;0;1;1
GOBP_NEGATIVE_REGULATION_OF_CYTOKINE_PRODUCTION_INVOLVED_IN_INFLAMMATORY_RESPONSE;0;1;0;0;0;1
GOBP_NEGATIVE_REGULATION_OF_DNA_DEPENDENT_DNA_REPLICATION;0;0;1;1;0;0
GOBP_NEGATIVE_REGULATION_OF_DNA_REPLICATION;0;0;1;1;0;0
GOBP_NEGATIVE_REGULATION_OF_ENDOCYTOSIS;0;0;0;1;1;1
GOBP_NEGATIVE_REGULATION_OF_ERBB_SIGNALING_PATHWAY;1;0;0;0;0;0
GOBP_NEGATIVE_REGULATION_OF_EXTRINSIC_APOPTOTIC_SIGNALING_PATHWAY;1;1;1;1;1;1
GOBP_NEGATIVE_REGULATION_OF_EXTRINSIC_APOPTOTIC_SIGNALING_PATHWAY_VIA_DEATH_DOMAIN_RECEPTORS;0;0;0;0;1;1
GOBP_NEGATIVE_REGULATION_OF_FATTY_ACID_BIOSYNTHETIC_PROCESS;0;0;0;1;0;0
GOBP_NEGATIVE_REGULATION_OF_HEMOPOIESIS;1;1;0;0;0;1
GOBP_NEGATIVE_REGULATION_OF_HYDROLASE_ACTIVITY;0;1;0;0;1;0
GOBP_NEGATIVE_REGULATION_OF_IMMUNE_RESPONSE;0;0;0;1;1;1
GOBP_NEGATIVE_REGULATION_OF_IMMUNE_SYSTEM_PROCESS;1;0;0;1;1;1
GOBP_NEGATIVE_REGULATION_OF_INFLAMMATORY_RESPONSE;0;1;0;0;0;0
GOBP_NEGATIVE_REGULATION_OF_INNATE_IMMUNE_RESPONSE;1;0;0;0;1;1
GOBP_NEGATIVE_REGULATION_OF_INTERFERON_GAMMA_PRODUCTION;0;0;1;1;1;1
GOBP_NEGATIVE_REGULATION_OF_INTERLEUKIN_10_PRODUCTION;0;0;1;1;1;1
GOBP_NEGATIVE_REGULATION_OF_INTERLEUKIN_6_PRODUCTION;0;0;0;0;0;1
GOBP_NEGATIVE_REGULATION_OF_INTRINSIC_APOPTOTIC_SIGNALING_PATHWAY;1;0;0;0;0;0
GOBP_NEGATIVE_REGULATION_OF_INTRINSIC_APOPTOTIC_SIGNALING_PATHWAY_IN_RESPONSE_TO_DNA_DAMAGE;1;1;0;0;0;0
GOBP_NEGATIVE_REGULATION_OF_LEUKOCYTE_CELL_CELL_ADHESION;0;0;1;1;1;1
GOBP_NEGATIVE_REGULATION_OF_LEUKOCYTE_MIGRATION;0;0;0;0;1;0
GOBP_NEGATIVE_REGULATION_OF_LEUKOCYTE_PROLIFERATION;0;0;0;0;1;1
GOBP_NEGATIVE_REGULATION_OF_LIPID_BIOSYNTHETIC_PROCESS;1;0;0;0;0;0
GOBP_NEGATIVE_REGULATION_OF_LIPID_STORAGE;0;1;0;0;0;0
GOBP_NEGATIVE_REGULATION_OF_LYMPHOCYTE_ACTIVATION;0;0;1;1;1;1
GOBP_NEGATIVE_REGULATION_OF_LYMPHOCYTE_MIGRATION;0;0;0;0;1;1
GOBP_NEGATIVE_REGULATION_OF_MACROPHAGE_ACTIVATION;0;0;0;0;1;1
GOBP_NEGATIVE_REGULATION_OF_METAPHASE_ANAPHASE_TRANSITION_OF_CELL_CYCLE;1;1;1;1;1;1
GOBP_NEGATIVE_REGULATION_OF_MIRNA_TRANSCRIPTION;0;0;0;1;1;1
GOBP_NEGATIVE_REGULATION_OF_MITOCHONDRION_ORGANIZATION;1;0;0;0;0;0
GOBP_NEGATIVE_REGULATION_OF_MITOTIC_CELL_CYCLE;0;1;1;1;1;1
GOBP_NEGATIVE_REGULATION_OF_MITOTIC_CELL_CYCLE_PHASE_TRANSITION;1;1;1;1;1;1
GOBP_NEGATIVE_REGULATION_OF_MUSCLE_HYPERTROPHY;0;1;0;0;0;0
GOBP_NEGATIVE_REGULATION_OF_MYELOID_LEUKOCYTE_DIFFERENTIATION;0;1;0;0;1;1
GOBP_NEGATIVE_REGULATION_OF_NEURON_APOPTOTIC_PROCESS;1;1;0;0;0;0
GOBP_NEGATIVE_REGULATION_OF_NEURON_DEATH;1;1;0;0;0;0
GOBP_NEGATIVE_REGULATION_OF_NUCLEAR_DIVISION;1;1;1;1;1;1
GOBP_NEGATIVE_REGULATION_OF_NUCLEOCYTOPLASMIC_TRANSPORT;0;0;1;1;1;1
GOBP_NEGATIVE_REGULATION_OF_ORGANELLE_ORGANIZATION;0;0;1;1;1;1
GOBP_NEGATIVE_REGULATION_OF_OSTEOCLAST_DIFFERENTIATION;0;0;0;1;1;1
GOBP_NEGATIVE_REGULATION_OF_OXIDATIVE_STRESS_INDUCED_CELL_DEATH;0;1;0;0;0;0
GOBP_NEGATIVE_REGULATION_OF_PEPTIDASE_ACTIVITY;1;1;0;0;1;1
GOBP_NEGATIVE_REGULATION_OF_PEPTIDYL_THREONINE_PHOSPHORYLATION;0;1;0;0;0;0
GOBP_NEGATIVE_REGULATION_OF_PHAGOCYTOSIS;1;0;0;0;0;0
GOBP_NEGATIVE_REGULATION_OF_PROTEIN_BINDING;0;0;0;0;0;1
GOBP_NEGATIVE_REGULATION_OF_PROTEIN_LOCALIZATION_TO_CELL_PERIPHERY;0;1;0;0;0;0
GOBP_NEGATIVE_REGULATION_OF_PROTEIN_MATURATION;0;0;0;0;1;1
GOBP_NEGATIVE_REGULATION_OF_PROTEIN_SERINE_THREONINE_KINASE_ACTIVITY;0;1;0;0;0;0
GOBP_NEGATIVE_REGULATION_OF_PROTEOLYSIS;0;1;0;0;1;1
GOBP_NEGATIVE_REGULATION_OF_RECEPTOR_SIGNALING_PATHWAY_VIA_STAT;1;0;0;0;0;0
GOBP_NEGATIVE_REGULATION_OF_RELEASE_OF_CYTOCHROME_C_FROM_MITOCHONDRIA;1;1;0;0;0;0
GOBP_NEGATIVE_REGULATION_OF_RESPONSE_TO_BIOTIC_STIMULUS;1;1;0;0;1;1
GOBP_NEGATIVE_REGULATION_OF_RESPONSE_TO_EXTERNAL_STIMULUS;1;1;0;0;0;0
GOBP_NEGATIVE_REGULATION_OF_RESPONSE_TO_OXIDATIVE_STRESS;0;0;0;0;1;1
GOBP_NEGATIVE_REGULATION_OF_RESPONSE_TO_REACTIVE_OXYGEN_SPECIES;0;0;0;0;1;1
GOBP_NEGATIVE_REGULATION_OF_RESPONSE_TO_WOUNDING;1;0;0;0;0;0
GOBP_NEGATIVE_REGULATION_OF_SIGNAL_TRANSDUCTION_BY_P53_CLASS_MEDIATOR;1;0;0;0;0;0
GOBP_NEGATIVE_REGULATION_OF_SIGNAL_TRANSDUCTION_IN_ABSENCE_OF_LIGAND;1;1;0;0;0;0
GOBP_NEGATIVE_REGULATION_OF_SIGNALING_RECEPTOR_ACTIVITY;1;0;0;0;0;0
GOBP_NEGATIVE_REGULATION_OF_SMOOTH_MUSCLE_CELL_MIGRATION;0;1;0;0;0;1
GOBP_NEGATIVE_REGULATION_OF_SMOOTH_MUSCLE_CELL_PROLIFERATION;0;1;0;0;0;0
GOBP_NEGATIVE_REGULATION_OF_T_CELL_PROLIFERATION;0;0;0;0;1;1
GOBP_NEGATIVE_REGULATION_OF_T_CELL_RECEPTOR_SIGNALING_PATHWAY;0;1;0;0;0;0
GOBP_NEGATIVE_REGULATION_OF_TUMOR_NECROSIS_FACTOR_SUPERFAMILY_CYTOKINE_PRODUCTION;0;1;0;0;1;0
GOBP_NEGATIVE_REGULATION_OF_TYPE_I_INTERFERON_MEDIATED_SIGNALING_PATHWAY;0;0;1;1;1;1
GOBP_NEGATIVE_REGULATION_OF_UBIQUITIN_PROTEIN_TRANSFERASE_ACTIVITY;1;1;1;1;1;0
GOBP_NEGATIVE_REGULATION_OF_VASCULATURE_DEVELOPMENT;0;1;0;0;0;0
GOBP_NEGATIVE_REGULATION_OF_VIRAL_GENOME_REPLICATION;1;0;1;1;1;1
GOBP_NEGATIVE_REGULATION_OF_VIRAL_PROCESS;0;0;1;1;1;1
GOBP_NEGATIVE_REGULATION_OF_WOUND_HEALING;1;0;0;0;0;0
GOBP_NERVE_DEVELOPMENT;0;1;0;0;0;0
GOBP_NEURAL_CREST_CELL_DIFFERENTIATION;0;1;0;0;0;0
GOBP_NEURAL_CREST_CELL_MIGRATION;0;1;0;0;0;0
GOBP_NEURAL_CREST_FORMATION;0;0;1;1;1;1
GOBP_NEURAL_NUCLEUS_DEVELOPMENT;0;0;0;0;0;1
GOBP_NEURAL_PRECURSOR_CELL_PROLIFERATION;0;1;0;1;1;1
GOBP_NEUROBLAST_PROLIFERATION;0;1;0;0;0;0
GOBP_NEUROINFLAMMATORY_RESPONSE;0;1;0;0;1;1
GOBP_NEUROMUSCULAR_JUNCTION_DEVELOPMENT;0;1;0;0;0;0
GOBP_NEURON_APOPTOTIC_PROCESS;1;1;0;0;0;0
GOBP_NEURON_DEATH;1;1;0;0;0;0
GOBP_NEURON_DEATH_IN_RESPONSE_TO_OXIDATIVE_STRESS;0;1;0;0;0;0
GOBP_NEURON_MATURATION;0;1;0;0;0;0
GOBP_NEURON_MIGRATION;1;1;0;0;0;0
GOBP_NEURON_PROJECTION_EXTENSION_INVOLVED_IN_NEURON_PROJECTION_GUIDANCE;1;1;0;0;0;0
GOBP_NEURON_PROJECTION_GUIDANCE;0;1;0;0;0;0
GOBP_NEURON_PROJECTION_ORGANIZATION;0;1;0;0;0;0
GOBP_NEURON_RECOGNITION;0;1;0;0;0;0
GOBP_NEUROTRANSMITTER_REUPTAKE;0;1;0;0;0;0
GOBP_NEUROTRANSMITTER_UPTAKE;0;1;0;0;0;0
GOBP_NEUROTROPHIN_SIGNALING_PATHWAY;1;1;0;0;1;0
GOBP_NEUROTROPHIN_TRK_RECEPTOR_SIGNALING_PATHWAY;1;1;0;0;0;0
GOBP_NEUTRAL_LIPID_BIOSYNTHETIC_PROCESS;0;1;0;0;1;0
GOBP_NEUTROPHIL_ACTIVATION_INVOLVED_IN_IMMUNE_RESPONSE;0;0;0;1;1;0
GOBP_NEUTROPHIL_CHEMOTAXIS;1;0;1;1;1;1
GOBP_NEUTROPHIL_HOMEOSTASIS;0;0;0;0;0;1
GOBP_NEUTROPHIL_MIGRATION;1;0;1;1;1;1
GOBP_NITRIC_OXIDE_SYNTHASE_BIOSYNTHETIC_PROCESS;0;0;1;0;1;1
GOBP_NON_MEMBRANE_BOUNDED_ORGANELLE_ASSEMBLY;1;0;1;1;1;1
GOBP_NONRIBOSOMAL_PEPTIDE_BIOSYNTHETIC_PROCESS;0;0;1;1;1;1
GOBP_NUCLEAR_CHROMOSOME_SEGREGATION;1;1;1;1;1;1
GOBP_NUCLEAR_EXPORT;0;0;1;0;0;0
GOBP_NUCLEAR_TRANSCRIBED_MRNA_CATABOLIC_PROCESS_EXONUCLEOLYTIC;0;0;1;1;0;0
GOBP_NUCLEIC_ACID_PHOSPHODIESTER_BOND_HYDROLYSIS;0;0;1;1;1;1
GOBP_NUCLEOBASE_BIOSYNTHETIC_PROCESS;0;0;1;1;1;1
GOBP_NUCLEOBASE_CONTAINING_COMPOUND_TRANSPORT;0;0;1;0;0;0
GOBP_NUCLEOBASE_CONTAINING_SMALL_MOLECULE_CATABOLIC_PROCESS;0;0;0;1;1;1
GOBP_NUCLEOBASE_METABOLIC_PROCESS;0;1;1;1;1;1
GOBP_NUCLEOSIDE_BISPHOSPHATE_BIOSYNTHETIC_PROCESS;0;0;1;1;1;1
GOBP_NUCLEOSIDE_BISPHOSPHATE_METABOLIC_PROCESS;0;0;1;1;1;0
GOBP_NUCLEOSIDE_CATABOLIC_PROCESS;0;0;0;1;1;1
GOBP_NUCLEOSIDE_DIPHOSPHATE_METABOLIC_PROCESS;1;0;1;1;1;1
GOBP_NUCLEOSIDE_METABOLIC_PROCESS;0;0;1;1;1;1
GOBP_NUCLEOSIDE_MONOPHOSPHATE_BIOSYNTHETIC_PROCESS;1;1;1;1;1;1
GOBP_NUCLEOSIDE_MONOPHOSPHATE_CATABOLIC_PROCESS;0;0;0;0;0;1
GOBP_NUCLEOSIDE_MONOPHOSPHATE_METABOLIC_PROCESS;0;1;1;1;1;1
GOBP_NUCLEOSIDE_PHOSPHATE_BIOSYNTHETIC_PROCESS;1;0;1;1;1;1
GOBP_NUCLEOSIDE_PHOSPHATE_CATABOLIC_PROCESS;0;0;1;1;1;1
GOBP_NUCLEOSIDE_TRIPHOSPHATE_BIOSYNTHETIC_PROCESS;1;1;1;1;1;1
GOBP_NUCLEOSIDE_TRIPHOSPHATE_METABOLIC_PROCESS;1;0;1;1;1;1
GOBP_NUCLEOSOME_ASSEMBLY;1;1;0;0;0;0
GOBP_NUCLEOSOME_MOBILIZATION;0;0;1;0;0;0
GOBP_NUCLEOSOME_ORGANIZATION;1;1;0;0;0;0
GOBP_NUCLEOTIDE_EXCISION_REPAIR;0;0;1;1;0;0
GOBP_NUCLEOTIDE_PHOSPHORYLATION;1;0;1;1;1;1
GOBP_NUCLEOTIDE_SALVAGE;0;0;0;0;0;1
GOBP_NUCLEOTIDE_SUGAR_BIOSYNTHETIC_PROCESS;0;1;1;0;1;1
GOBP_NUCLEOTIDE_SUGAR_METABOLIC_PROCESS;0;0;0;0;0;1
GOBP_NUCLEOTIDE_TRANSPORT;0;1;0;0;0;0
GOBP_OLIGOSACCHARIDE_LIPID_INTERMEDIATE_BIOSYNTHETIC_PROCESS;0;0;1;1;1;1
GOBP_ORGANELLE_FISSION;1;1;1;1;1;1
GOBP_ORGANIC_ACID_BIOSYNTHETIC_PROCESS;1;0;1;1;1;1
GOBP_ORGANIC_ACID_CATABOLIC_PROCESS;0;0;1;1;1;1
GOBP_ORGANIC_CATION_TRANSPORT;0;1;0;0;0;1
GOBP_ORGANIC_HYDROXY_COMPOUND_BIOSYNTHETIC_PROCESS;1;0;1;1;1;1
GOBP_ORGANIC_HYDROXY_COMPOUND_CATABOLIC_PROCESS;0;0;0;0;1;0
GOBP_ORGANOPHOSPHATE_CATABOLIC_PROCESS;0;0;1;1;1;1
GOBP_OSSIFICATION;0;1;0;0;0;0
GOBP_OSTEOBLAST_DIFFERENTIATION;0;1;0;0;0;0
GOBP_OSTEOBLAST_PROLIFERATION;0;1;0;0;0;0
GOBP_OSTEOCLAST_DIFFERENTIATION;1;1;0;0;1;1
GOBP_OUTFLOW_TRACT_MORPHOGENESIS;0;1;0;0;0;0
GOBP_OVARIAN_FOLLICLE_DEVELOPMENT;0;1;0;0;0;0
GOBP_OXIDATIVE_PHOSPHORYLATION;1;1;1;1;1;1
GOBP_P38MAPK_CASCADE;0;1;0;0;0;0
GOBP_PALLIUM_DEVELOPMENT;0;1;0;0;0;0
GOBP_PATTERN_SPECIFICATION_PROCESS;0;1;0;0;0;0
GOBP_PENTOSE_PHOSPHATE_SHUNT;0;0;1;0;0;0
GOBP_PEPTIDYL_PROLINE_MODIFICATION;0;0;1;1;1;1
GOBP_PEPTIDYL_TYROSINE_AUTOPHOSPHORYLATION;0;0;0;0;1;0
GOBP_PEPTIDYL_TYROSINE_MODIFICATION;1;1;0;0;0;0
GOBP_PERICARDIUM_DEVELOPMENT;0;0;0;0;0;1
GOBP_PERIPHERAL_NERVOUS_SYSTEM_DEVELOPMENT;1;1;0;0;1;0
GOBP_PEROXISOME_ORGANIZATION;0;0;0;0;0;1
GOBP_PH_REDUCTION;1;1;0;0;0;0
GOBP_PHAGOCYTOSIS;0;1;0;0;0;1
GOBP_PHAGOCYTOSIS_RECOGNITION;0;0;0;0;1;1
GOBP_PHOSPHATIDYLCHOLINE_CATABOLIC_PROCESS;0;0;0;0;1;0
GOBP_PHOSPHATIDYLINOSITOL_3_KINASE_SIGNALING;0;0;0;0;1;1
GOBP_PHOSPHOLIPID_CATABOLIC_PROCESS;1;0;0;0;0;0
GOBP_PIGMENT_BIOSYNTHETIC_PROCESS;0;1;1;1;1;1
GOBP_PIGMENT_GRANULE_LOCALIZATION;0;1;0;0;0;0
GOBP_PIGMENT_METABOLIC_PROCESS;0;1;1;1;1;1
GOBP_PIGMENTATION;0;1;0;0;0;0
GOBP_PLATELET_ACTIVATION;1;1;0;0;0;0
GOBP_PLATELET_AGGREGATION;1;0;0;0;0;0
GOBP_PLATELET_DERIVED_GROWTH_FACTOR_RECEPTOR_SIGNALING_PATHWAY;1;1;0;0;0;0
GOBP_PLATELET_MORPHOGENESIS;0;1;0;0;0;0
GOBP_PODOSOME_ASSEMBLY;1;0;0;0;0;1
GOBP_POLARIZED_EPITHELIAL_CELL_DIFFERENTIATION;0;1;0;0;0;0
GOBP_POLYOL_BIOSYNTHETIC_PROCESS;0;0;1;1;1;1
GOBP_POLYOL_CATABOLIC_PROCESS;0;0;1;1;0;0
GOBP_POLYOL_METABOLIC_PROCESS;0;0;1;1;1;1
GOBP_PORE_COMPLEX_ASSEMBLY;0;1;0;0;0;1
GOBP_PORPHYRIN_CONTAINING_COMPOUND_METABOLIC_PROCESS;0;0;1;1;1;1
GOBP_POSITIVE_CHEMOTAXIS;1;1;0;0;0;1
GOBP_POSITIVE_REGULATION_OF_ACTIVATED_T_CELL_PROLIFERATION;0;0;0;0;1;1
GOBP_POSITIVE_REGULATION_OF_ADAPTIVE_IMMUNE_RESPONSE;0;0;0;0;1;1
GOBP_POSITIVE_REGULATION_OF_ALPHA_BETA_T_CELL_ACTIVATION;0;0;0;0;0;1
GOBP_POSITIVE_REGULATION_OF_ALPHA_BETA_T_CELL_PROLIFERATION;0;0;0;1;1;1
GOBP_POSITIVE_REGULATION_OF_ANION_TRANSPORT;1;0;0;0;0;0
GOBP_POSITIVE_REGULATION_OF_AXON_EXTENSION;0;1;0;0;0;0
GOBP_POSITIVE_REGULATION_OF_AXONOGENESIS;0;1;0;0;0;0
GOBP_POSITIVE_REGULATION_OF_B_CELL_ACTIVATION;0;0;0;0;1;1
GOBP_POSITIVE_REGULATION_OF_B_CELL_MEDIATED_IMMUNITY;0;0;1;1;1;1
GOBP_POSITIVE_REGULATION_OF_BINDING;1;0;0;0;0;0
GOBP_POSITIVE_REGULATION_OF_BIOMINERALIZATION;0;1;0;0;0;0
GOBP_POSITIVE_REGULATION_OF_BONE_MINERALIZATION;0;1;0;0;0;0
GOBP_POSITIVE_REGULATION_OF_BONE_RESORPTION;0;0;0;0;1;0
GOBP_POSITIVE_REGULATION_OF_CALCIUM_ION_IMPORT;0;0;0;0;1;1
GOBP_POSITIVE_REGULATION_OF_CALCIUM_ION_TRANSPORT;0;0;0;0;1;1
GOBP_POSITIVE_REGULATION_OF_CALCIUM_ION_TRANSPORT_INTO_CYTOSOL;0;0;0;1;1;0
GOBP_POSITIVE_REGULATION_OF_CALCIUM_MEDIATED_SIGNALING;0;1;1;1;1;0
GOBP_POSITIVE_REGULATION_OF_CANONICAL_WNT_SIGNALING_PATHWAY;0;1;0;0;0;0
GOBP_POSITIVE_REGULATION_OF_CARBOHYDRATE_METABOLIC_PROCESS;0;1;0;0;0;0
GOBP_POSITIVE_REGULATION_OF_CARTILAGE_DEVELOPMENT;0;1;0;0;0;0
GOBP_POSITIVE_REGULATION_OF_CATION_CHANNEL_ACTIVITY;0;1;0;0;0;0
GOBP_POSITIVE_REGULATION_OF_CD4_POSITIVE_ALPHA_BETA_T_CELL_DIFFERENTIATION;0;0;0;0;0;1
GOBP_POSITIVE_REGULATION_OF_CELL_ACTIVATION;1;0;0;0;1;1
GOBP_POSITIVE_REGULATION_OF_CELL_ADHESION;1;1;0;0;1;1
GOBP_POSITIVE_REGULATION_OF_CELL_CELL_ADHESION;1;1;0;0;1;1
GOBP_POSITIVE_REGULATION_OF_CELL_CYCLE;1;1;1;1;1;1
GOBP_POSITIVE_REGULATION_OF_CELL_CYCLE_G1_S_PHASE_TRANSITION;0;0;1;1;1;1
GOBP_POSITIVE_REGULATION_OF_CELL_CYCLE_G2_M_PHASE_TRANSITION;1;1;1;1;1;1
GOBP_POSITIVE_REGULATION_OF_CELL_CYCLE_PHASE_TRANSITION;1;1;1;1;1;1
GOBP_POSITIVE_REGULATION_OF_CELL_CYCLE_PROCESS;1;1;1;1;1;1
GOBP_POSITIVE_REGULATION_OF_CELL_DEATH;1;0;0;0;0;0
GOBP_POSITIVE_REGULATION_OF_CELL_DEVELOPMENT;0;1;0;0;0;0
GOBP_POSITIVE_REGULATION_OF_CELL_DIFFERENTIATION;0;1;0;0;0;0
GOBP_POSITIVE_REGULATION_OF_CELL_DIVISION;1;1;0;0;0;0
GOBP_POSITIVE_REGULATION_OF_CELL_GROWTH;0;1;0;0;0;0
GOBP_POSITIVE_REGULATION_OF_CELL_JUNCTION_ASSEMBLY;0;1;0;0;0;0
GOBP_POSITIVE_REGULATION_OF_CELL_MATRIX_ADHESION;0;1;0;0;1;0
GOBP_POSITIVE_REGULATION_OF_CELL_SUBSTRATE_ADHESION;0;1;0;0;0;0
GOBP_POSITIVE_REGULATION_OF_CELL_SUBSTRATE_JUNCTION_ORGANIZATION;0;1;0;0;1;0
GOBP_POSITIVE_REGULATION_OF_CELLULAR_AMIDE_METABOLIC_PROCESS;1;0;0;0;0;0
GOBP_POSITIVE_REGULATION_OF_CELLULAR_EXTRAVASATION;0;0;0;0;0;1
GOBP_POSITIVE_REGULATION_OF_CHEMOKINE_PRODUCTION;0;1;0;0;0;1
GOBP_POSITIVE_REGULATION_OF_CHEMOTAXIS;1;1;0;0;1;1
GOBP_POSITIVE_REGULATION_OF_CHOLESTEROL_EFFLUX;0;1;0;0;0;0
GOBP_POSITIVE_REGULATION_OF_CHROMOSOME_ORGANIZATION;0;0;1;1;0;0
GOBP_POSITIVE_REGULATION_OF_CHROMOSOME_SEPARATION;0;0;1;1;1;1
GOBP_POSITIVE_REGULATION_OF_CYCLIN_DEPENDENT_PROTEIN_KINASE_ACTIVITY;1;0;0;1;1;1
GOBP_POSITIVE_REGULATION_OF_CYTOKINE_PRODUCTION;0;0;0;0;1;1
GOBP_POSITIVE_REGULATION_OF_CYTOKINE_PRODUCTION_INVOLVED_IN_IMMUNE_RESPONSE;0;0;0;0;1;1
GOBP_POSITIVE_REGULATION_OF_CYTOKINESIS;1;1;1;1;1;1
GOBP_POSITIVE_REGULATION_OF_DEFENSE_RESPONSE;0;1;0;0;1;1
GOBP_POSITIVE_REGULATION_OF_DEFENSE_RESPONSE_TO_VIRUS_BY_HOST;0;0;1;1;1;1
GOBP_POSITIVE_REGULATION_OF_DENDRITE_DEVELOPMENT;0;0;1;1;1;1
GOBP_POSITIVE_REGULATION_OF_DNA_BINDING;1;0;0;0;0;0
GOBP_POSITIVE_REGULATION_OF_DNA_BINDING_TRANSCRIPTION_FACTOR_ACTIVITY;0;1;0;0;0;0
GOBP_POSITIVE_REGULATION_OF_DNA_BIOSYNTHETIC_PROCESS;1;1;1;1;0;1
GOBP_POSITIVE_REGULATION_OF_DNA_METABOLIC_PROCESS;0;0;1;1;0;0
GOBP_POSITIVE_REGULATION_OF_DNA_RECOMBINATION;0;0;1;0;0;0
GOBP_POSITIVE_REGULATION_OF_DNA_REPAIR;0;0;1;0;0;0
GOBP_POSITIVE_REGULATION_OF_DNA_REPLICATION;0;0;1;1;1;1
GOBP_POSITIVE_REGULATION_OF_ENDOTHELIAL_CELL_MIGRATION;0;1;0;0;0;0
GOBP_POSITIVE_REGULATION_OF_ENDOTHELIAL_CELL_PROLIFERATION;0;0;0;0;0;1
GOBP_POSITIVE_REGULATION_OF_EPIDERMAL_CELL_DIFFERENTIATION;0;0;0;0;0;1
GOBP_POSITIVE_REGULATION_OF_EPIDERMIS_DEVELOPMENT;0;0;0;0;0;1
GOBP_POSITIVE_REGULATION_OF_EPITHELIAL_CELL_DIFFERENTIATION;0;0;0;0;1;1
GOBP_POSITIVE_REGULATION_OF_EPITHELIAL_CELL_MIGRATION;0;1;0;0;0;0
GOBP_POSITIVE_REGULATION_OF_EPITHELIAL_CELL_PROLIFERATION;0;1;0;0;0;0
GOBP_POSITIVE_REGULATION_OF_EPITHELIAL_TO_MESENCHYMAL_TRANSITION;0;1;0;0;0;0
GOBP_POSITIVE_REGULATION_OF_ERBB_SIGNALING_PATHWAY;0;1;0;0;0;0
GOBP_POSITIVE_REGULATION_OF_ERK1_AND_ERK2_CASCADE;1;1;0;0;1;1
GOBP_POSITIVE_REGULATION_OF_EXOSOMAL_SECRETION;0;0;0;0;1;1
GOBP_POSITIVE_REGULATION_OF_EXTRACELLULAR_MATRIX_ORGANIZATION;0;1;0;0;0;0
GOBP_POSITIVE_REGULATION_OF_FAT_CELL_DIFFERENTIATION;1;1;0;0;0;0
GOBP_POSITIVE_REGULATION_OF_FATTY_ACID_METABOLIC_PROCESS;1;1;0;0;0;0
GOBP_POSITIVE_REGULATION_OF_FIBROBLAST_PROLIFERATION;1;1;0;0;0;1
GOBP_POSITIVE_REGULATION_OF_FOCAL_ADHESION_ASSEMBLY;0;1;0;0;1;0
GOBP_POSITIVE_REGULATION_OF_G1_S_TRANSITION_OF_MITOTIC_CELL_CYCLE;0;0;1;1;1;1
GOBP_POSITIVE_REGULATION_OF_GLUCOSE_METABOLIC_PROCESS;0;1;0;0;0;0
GOBP_POSITIVE_REGULATION_OF_HEMOPOIESIS;1;1;0;0;0;1
GOBP_POSITIVE_REGULATION_OF_I_KAPPAB_KINASE_NF_KAPPAB_SIGNALING;0;0;0;0;1;1
GOBP_POSITIVE_REGULATION_OF_IMMUNE_EFFECTOR_PROCESS;0;0;0;0;1;1
GOBP_POSITIVE_REGULATION_OF_IMMUNOGLOBULIN_PRODUCTION;0;0;0;0;0;1
GOBP_POSITIVE_REGULATION_OF_INFLAMMATORY_RESPONSE;0;1;1;0;1;1
GOBP_POSITIVE_REGULATION_OF_INNATE_IMMUNE_RESPONSE;0;0;0;0;1;1
GOBP_POSITIVE_REGULATION_OF_INTERFERON_ALPHA_PRODUCTION;0;0;1;0;0;0
GOBP_POSITIVE_REGULATION_OF_INTERFERON_BETA_PRODUCTION;0;0;1;1;1;1
GOBP_POSITIVE_REGULATION_OF_INTERFERON_GAMMA_PRODUCTION;0;0;0;1;1;1
GOBP_POSITIVE_REGULATION_OF_INTERLEUKIN_10_PRODUCTION;0;0;0;0;1;1
GOBP_POSITIVE_REGULATION_OF_INTERLEUKIN_2_PRODUCTION;0;0;0;0;0;1
GOBP_POSITIVE_REGULATION_OF_INTERLEUKIN_4_PRODUCTION;0;0;0;1;1;1
GOBP_POSITIVE_REGULATION_OF_INTERLEUKIN_6_PRODUCTION;0;1;1;0;0;1
GOBP_POSITIVE_REGULATION_OF_INTRINSIC_APOPTOTIC_SIGNALING_PATHWAY;0;1;0;0;0;0
GOBP_POSITIVE_REGULATION_OF_ION_TRANSMEMBRANE_TRANSPORT;0;1;0;0;0;0
GOBP_POSITIVE_REGULATION_OF_ION_TRANSPORT;0;1;0;0;0;0
GOBP_POSITIVE_REGULATION_OF_ISOTYPE_SWITCHING;0;0;1;0;0;0
GOBP_POSITIVE_REGULATION_OF_KERATINOCYTE_DIFFERENTIATION;0;0;0;0;1;1
GOBP_POSITIVE_REGULATION_OF_KINASE_ACTIVITY;0;1;0;0;1;1
GOBP_POSITIVE_REGULATION_OF_LEUKOCYTE_APOPTOTIC_PROCESS;0;0;0;1;1;1
GOBP_POSITIVE_REGULATION_OF_LEUKOCYTE_CELL_CELL_ADHESION;1;0;0;0;1;1
GOBP_POSITIVE_REGULATION_OF_LEUKOCYTE_CHEMOTAXIS;1;1;1;1;1;1
GOBP_POSITIVE_REGULATION_OF_LEUKOCYTE_MIGRATION;1;1;1;1;1;1
GOBP_POSITIVE_REGULATION_OF_LEUKOCYTE_PROLIFERATION;1;0;0;0;1;1
GOBP_POSITIVE_REGULATION_OF_LIPID_KINASE_ACTIVITY;0;1;0;0;0;0
GOBP_POSITIVE_REGULATION_OF_LIPID_LOCALIZATION;1;1;0;0;0;0
GOBP_POSITIVE_REGULATION_OF_LIPID_METABOLIC_PROCESS;0;1;0;0;0;0
GOBP_POSITIVE_REGULATION_OF_LIPID_STORAGE;0;1;0;0;0;0
GOBP_POSITIVE_REGULATION_OF_LIPID_TRANSPORT;1;1;0;0;0;0
GOBP_POSITIVE_REGULATION_OF_LOCOMOTION;1;1;0;0;0;0
GOBP_POSITIVE_REGULATION_OF_LYMPHOCYTE_APOPTOTIC_PROCESS;0;0;0;1;1;1
GOBP_POSITIVE_REGULATION_OF_LYMPHOCYTE_CHEMOTAXIS;0;0;0;1;1;1
GOBP_POSITIVE_REGULATION_OF_LYMPHOCYTE_DIFFERENTIATION;1;0;0;0;0;0
GOBP_POSITIVE_REGULATION_OF_LYMPHOCYTE_MIGRATION;1;1;1;1;1;1
GOBP_POSITIVE_REGULATION_OF_MACROPHAGE_MIGRATION;1;1;0;0;0;0
GOBP_POSITIVE_REGULATION_OF_MAP_KINASE_ACTIVITY;0;1;0;0;0;1
GOBP_POSITIVE_REGULATION_OF_MAPK_CASCADE;0;1;0;0;0;0
GOBP_POSITIVE_REGULATION_OF_MEIOTIC_CELL_CYCLE;0;0;0;0;0;1
GOBP_POSITIVE_REGULATION_OF_MEMBRANE_PERMEABILITY;1;0;1;0;0;0
GOBP_POSITIVE_REGULATION_OF_MEMBRANE_POTENTIAL;0;0;0;1;0;0
GOBP_POSITIVE_REGULATION_OF_METAPHASE_ANAPHASE_TRANSITION_OF_CELL_CYCLE;0;0;1;1;1;1
GOBP_POSITIVE_REGULATION_OF_MITOCHONDRIAL_TRANSLATION;0;0;1;1;0;0
GOBP_POSITIVE_REGULATION_OF_MITOTIC_CELL_CYCLE;1;1;1;1;1;1
GOBP_POSITIVE_REGULATION_OF_MITOTIC_CELL_CYCLE_PHASE_TRANSITION;1;1;1;1;1;1
GOBP_POSITIVE_REGULATION_OF_MITOTIC_NUCLEAR_DIVISION;1;1;1;1;1;1
GOBP_POSITIVE_REGULATION_OF_MONOCYTE_CHEMOTAXIS;0;0;1;1;1;1
GOBP_POSITIVE_REGULATION_OF_MONONUCLEAR_CELL_MIGRATION;1;1;1;1;1;1
GOBP_POSITIVE_REGULATION_OF_MUSCLE_HYPERTROPHY;0;1;0;0;0;0
GOBP_POSITIVE_REGULATION_OF_MYELOID_CELL_DIFFERENTIATION;0;1;0;0;0;0
GOBP_POSITIVE_REGULATION_OF_MYELOID_LEUKOCYTE_DIFFERENTIATION;1;1;0;0;0;0
GOBP_POSITIVE_REGULATION_OF_NATURAL_KILLER_CELL_ACTIVATION;1;0;0;0;0;0
GOBP_POSITIVE_REGULATION_OF_NATURAL_KILLER_CELL_MEDIATED_IMMUNITY;0;0;0;0;0;1
GOBP_POSITIVE_REGULATION_OF_NERVOUS_SYSTEM_DEVELOPMENT;0;1;0;0;0;0
GOBP_POSITIVE_REGULATION_OF_NERVOUS_SYSTEM_PROCESS;1;0;0;0;0;0
GOBP_POSITIVE_REGULATION_OF_NEURAL_PRECURSOR_CELL_PROLIFERATION;0;1;0;0;0;0
GOBP_POSITIVE_REGULATION_OF_NEUROGENESIS;0;1;0;0;0;0
GOBP_POSITIVE_REGULATION_OF_NEURON_APOPTOTIC_PROCESS;1;1;0;0;0;0
GOBP_POSITIVE_REGULATION_OF_NEURON_DEATH;0;1;0;0;0;0
GOBP_POSITIVE_REGULATION_OF_NEURON_DIFFERENTIATION;0;1;0;0;0;0
GOBP_POSITIVE_REGULATION_OF_NEUTROPHIL_MIGRATION;1;0;0;0;0;1
GOBP_POSITIVE_REGULATION_OF_NF_KAPPAB_TRANSCRIPTION_FACTOR_ACTIVITY;0;0;1;1;1;1
GOBP_POSITIVE_REGULATION_OF_NIK_NF_KAPPAB_SIGNALING;0;0;0;1;1;1
GOBP_POSITIVE_REGULATION_OF_NITRIC_OXIDE_SYNTHASE_BIOSYNTHETIC_PROCESS;0;0;1;1;1;1
GOBP_POSITIVE_REGULATION_OF_NUCLEAR_DIVISION;1;1;1;1;1;1
GOBP_POSITIVE_REGULATION_OF_NUCLEOCYTOPLASMIC_TRANSPORT;0;1;0;0;0;0
GOBP_POSITIVE_REGULATION_OF_ORGAN_GROWTH;0;1;0;0;0;0
GOBP_POSITIVE_REGULATION_OF_ORGANELLE_ORGANIZATION;0;0;1;1;0;1
GOBP_POSITIVE_REGULATION_OF_OSSIFICATION;0;1;0;0;0;0
GOBP_POSITIVE_REGULATION_OF_OSTEOBLAST_DIFFERENTIATION;0;1;0;0;0;0
GOBP_POSITIVE_REGULATION_OF_OSTEOCLAST_DIFFERENTIATION;0;0;0;0;1;1
GOBP_POSITIVE_REGULATION_OF_P38MAPK_CASCADE;0;1;0;0;0;0
GOBP_POSITIVE_REGULATION_OF_PATTERN_RECOGNITION_RECEPTOR_SIGNALING_PATHWAY;0;0;1;1;1;1
GOBP_POSITIVE_REGULATION_OF_PEPTIDYL_SERINE_PHOSPHORYLATION;0;1;0;0;0;0
GOBP_POSITIVE_REGULATION_OF_PEPTIDYL_TYROSINE_PHOSPHORYLATION;1;1;0;0;0;0
GOBP_POSITIVE_REGULATION_OF_PHAGOCYTOSIS;1;1;0;0;0;0
GOBP_POSITIVE_REGULATION_OF_PHOSPHATIDYLINOSITOL_3_KINASE_SIGNALING;1;1;0;0;1;1
GOBP_POSITIVE_REGULATION_OF_PHOSPHOLIPASE_ACTIVITY;0;0;0;0;1;0
GOBP_POSITIVE_REGULATION_OF_PHOSPHOLIPID_METABOLIC_PROCESS;0;0;0;0;0;1
GOBP_POSITIVE_REGULATION_OF_PHOSPHOPROTEIN_PHOSPHATASE_ACTIVITY;1;0;0;0;0;0
GOBP_POSITIVE_REGULATION_OF_POTASSIUM_ION_TRANSPORT;0;1;0;0;0;0
GOBP_POSITIVE_REGULATION_OF_PRODUCTION_OF_MOLECULAR_MEDIATOR_OF_IMMUNE_RESPONSE;0;0;0;0;1;1
GOBP_POSITIVE_REGULATION_OF_PROTEIN_AUTOPHOSPHORYLATION;1;1;0;0;0;0
GOBP_POSITIVE_REGULATION_OF_PROTEIN_CONTAINING_COMPLEX_ASSEMBLY;0;0;0;0;0;1
GOBP_POSITIVE_REGULATION_OF_PROTEIN_IMPORT;0;1;0;0;0;0
GOBP_POSITIVE_REGULATION_OF_PROTEIN_KINASE_ACTIVITY;0;1;0;0;1;1
GOBP_POSITIVE_REGULATION_OF_PROTEIN_KINASE_B_SIGNALING;1;1;0;0;1;0
GOBP_POSITIVE_REGULATION_OF_PROTEIN_LOCALIZATION_TO_CELL_PERIPHERY;1;1;0;0;0;0
GOBP_POSITIVE_REGULATION_OF_PROTEIN_LOCALIZATION_TO_MEMBRANE;0;1;0;0;0;0
GOBP_POSITIVE_REGULATION_OF_PROTEIN_LOCALIZATION_TO_NUCLEUS;0;1;1;0;0;0
GOBP_POSITIVE_REGULATION_OF_PROTEIN_PHOSPHORYLATION;0;1;0;0;0;0
GOBP_POSITIVE_REGULATION_OF_PROTEIN_SERINE_THREONINE_KINASE_ACTIVITY;0;1;0;0;1;1
GOBP_POSITIVE_REGULATION_OF_RELEASE_OF_SEQUESTERED_CALCIUM_ION_INTO_CYTOSOL;0;0;0;0;1;0
GOBP_POSITIVE_REGULATION_OF_RESPONSE_TO_BIOTIC_STIMULUS;0;0;0;1;1;1
GOBP_POSITIVE_REGULATION_OF_RESPONSE_TO_CYTOKINE_STIMULUS;1;0;0;0;0;0
GOBP_POSITIVE_REGULATION_OF_RESPONSE_TO_DNA_DAMAGE_STIMULUS;0;0;1;0;0;0
GOBP_POSITIVE_REGULATION_OF_RESPONSE_TO_EXTERNAL_STIMULUS;0;1;1;1;1;1
GOBP_POSITIVE_REGULATION_OF_SEQUESTERING_OF_CALCIUM_ION;0;0;0;1;1;1
GOBP_POSITIVE_REGULATION_OF_SIGNAL_TRANSDUCTION_BY_P53_CLASS_MEDIATOR;1;0;0;0;0;0
GOBP_POSITIVE_REGULATION_OF_SIGNALING_RECEPTOR_ACTIVITY;0;1;0;0;0;0
GOBP_POSITIVE_REGULATION_OF_SMALL_MOLECULE_METABOLIC_PROCESS;0;1;0;0;0;0
GOBP_POSITIVE_REGULATION_OF_SMOOTH_MUSCLE_CELL_MIGRATION;1;1;1;0;1;1
GOBP_POSITIVE_REGULATION_OF_SMOOTH_MUSCLE_CELL_PROLIFERATION;0;1;0;0;1;1
GOBP_POSITIVE_REGULATION_OF_STEROL_TRANSPORT;1;1;0;0;0;0
GOBP_POSITIVE_REGULATION_OF_SYNAPSE_ASSEMBLY;0;1;0;0;0;0
GOBP_POSITIVE_REGULATION_OF_T_CELL_CYTOKINE_PRODUCTION;0;0;0;0;0;1
GOBP_POSITIVE_REGULATION_OF_T_CELL_MIGRATION;1;1;0;1;1;1
GOBP_POSITIVE_REGULATION_OF_T_CELL_PROLIFERATION;1;0;0;1;1;1
GOBP_POSITIVE_REGULATION_OF_T_HELPER_1_TYPE_IMMUNE_RESPONSE;0;0;0;0;1;1
GOBP_POSITIVE_REGULATION_OF_T_HELPER_CELL_DIFFERENTIATION;1;0;0;0;0;0
GOBP_POSITIVE_REGULATION_OF_TELOMERASE_ACTIVITY;1;0;0;0;0;0
GOBP_POSITIVE_REGULATION_OF_TELOMERASE_RNA_LOCALIZATION_TO_CAJAL_BODY;1;1;1;1;0;1
GOBP_POSITIVE_REGULATION_OF_TELOMERE_MAINTENANCE;1;0;1;1;0;1
GOBP_POSITIVE_REGULATION_OF_TELOMERE_MAINTENANCE_VIA_TELOMERE_LENGTHENING;1;0;1;1;0;0
GOBP_POSITIVE_REGULATION_OF_TOLL_LIKE_RECEPTOR_SIGNALING_PATHWAY;0;0;0;0;1;0
GOBP_POSITIVE_REGULATION_OF_TRANSCRIPTION_BY_RNA_POLYMERASE_I;0;0;1;0;0;0
GOBP_POSITIVE_REGULATION_OF_TRANSFERASE_ACTIVITY;0;1;0;0;0;0
GOBP_POSITIVE_REGULATION_OF_TRANSLATION;1;0;0;0;0;0
GOBP_POSITIVE_REGULATION_OF_TRANSMEMBRANE_TRANSPORT;0;1;0;0;0;0
GOBP_POSITIVE_REGULATION_OF_TRANSPORTER_ACTIVITY;0;1;0;0;0;0
GOBP_POSITIVE_REGULATION_OF_TUMOR_NECROSIS_FACTOR_SUPERFAMILY_CYTOKINE_PRODUCTION;0;0;1;1;1;1
GOBP_POSITIVE_REGULATION_OF_TYPE_2_IMMUNE_RESPONSE;0;0;0;0;1;1
GOBP_POSITIVE_REGULATION_OF_TYPE_I_INTERFERON_MEDIATED_SIGNALING_PATHWAY;0;0;1;0;0;1
GOBP_POSITIVE_REGULATION_OF_TYPE_I_INTERFERON_PRODUCTION;0;0;1;1;1;1
GOBP_POSITIVE_REGULATION_OF_TYROSINE_PHOSPHORYLATION_OF_STAT_PROTEIN;1;1;0;0;0;0
GOBP_POSITIVE_REGULATION_OF_VASCULAR_ENDOTHELIAL_CELL_PROLIFERATION;0;0;0;0;1;0
GOBP_POSITIVE_REGULATION_OF_VASCULAR_ENDOTHELIAL_GROWTH_FACTOR_PRODUCTION;0;1;0;0;0;0
GOBP_POSITIVE_REGULATION_OF_VASCULATURE_DEVELOPMENT;0;0;0;0;0;1
GOBP_POSITIVE_REGULATION_OF_VIRAL_GENOME_REPLICATION;1;0;1;0;0;0
GOBP_POSITIVE_REGULATION_OF_VIRAL_LIFE_CYCLE;1;0;0;0;0;0
GOBP_POSITIVE_REGULATION_OF_VIRAL_PROCESS;1;0;0;0;0;0
GOBP_POSITIVE_REGULATION_OF_WOUND_HEALING;0;1;0;0;0;0
GOBP_POST_ANAL_TAIL_MORPHOGENESIS;0;0;0;0;0;1
GOBP_POSTREPLICATION_REPAIR;0;0;1;1;1;1
GOBP_POSTSYNAPSE_ASSEMBLY;0;0;0;0;0;1
GOBP_POSTSYNAPSE_ORGANIZATION;0;1;0;0;1;1
GOBP_POSTSYNAPTIC_MEMBRANE_ORGANIZATION;0;0;0;0;0;1
GOBP_PRODUCTION_OF_MOLECULAR_MEDIATOR_OF_IMMUNE_RESPONSE;0;0;0;0;1;1
GOBP_PROSTANOID_BIOSYNTHETIC_PROCESS;1;1;0;0;0;0
GOBP_PROSTANOID_METABOLIC_PROCESS;0;1;0;0;0;0
GOBP_PROTEIN_CATABOLIC_PROCESS_IN_THE_VACUOLE;0;0;0;1;1;1
GOBP_PROTEIN_DNA_COMPLEX_ASSEMBLY;1;1;1;1;1;0
GOBP_PROTEIN_DNA_COMPLEX_SUBUNIT_ORGANIZATION;1;1;1;1;1;0
GOBP_PROTEIN_EXPORT_FROM_NUCLEUS;0;0;1;1;0;0
GOBP_PROTEIN_FOLDING;1;0;1;1;0;1
GOBP_PROTEIN_IMPORT_INTO_MITOCHONDRIAL_MATRIX;1;0;1;0;0;0
GOBP_PROTEIN_INSERTION_INTO_ER_MEMBRANE;0;0;1;0;0;0
GOBP_PROTEIN_INSERTION_INTO_MEMBRANE;1;0;1;1;1;1
GOBP_PROTEIN_K48_LINKED_UBIQUITINATION;0;0;1;1;1;1
GOBP_PROTEIN_KINASE_B_SIGNALING;1;1;0;0;1;1
GOBP_PROTEIN_LIPID_COMPLEX_SUBUNIT_ORGANIZATION;1;0;0;0;0;0
GOBP_PROTEIN_LOCALIZATION_TO_CELL_PERIPHERY;0;1;0;0;0;0
GOBP_PROTEIN_LOCALIZATION_TO_CHROMOSOME;0;0;1;1;1;1
GOBP_PROTEIN_LOCALIZATION_TO_CHROMOSOME_CENTROMERIC_REGION;1;0;1;1;1;1
GOBP_PROTEIN_LOCALIZATION_TO_CHROMOSOME_TELOMERIC_REGION;0;0;1;1;0;0
GOBP_PROTEIN_LOCALIZATION_TO_CONDENSED_CHROMOSOME;1;0;1;1;1;1
GOBP_PROTEIN_LOCALIZATION_TO_CYTOSKELETON;0;0;0;1;0;0
GOBP_PROTEIN_LOCALIZATION_TO_ENDOSOME;0;0;0;0;0;1
GOBP_PROTEIN_LOCALIZATION_TO_MITOCHONDRION;0;0;1;1;1;1
GOBP_PROTEIN_LOCALIZATION_TO_NUCLEOLUS;0;0;1;1;0;0
GOBP_PROTEIN_LOCALIZATION_TO_PLASMA_MEMBRANE;0;1;0;0;0;0
GOBP_PROTEIN_MANNOSYLATION;0;1;0;0;0;0
GOBP_PROTEIN_MATURATION_BY_IRON_SULFUR_CLUSTER_TRANSFER;0;0;1;0;0;0
GOBP_PROTEIN_MONOUBIQUITINATION;0;0;1;1;1;0
GOBP_PROTEIN_O_LINKED_MANNOSYLATION;0;1;0;0;0;0
GOBP_PROTEIN_PEPTIDYL_PROLYL_ISOMERIZATION;0;0;1;1;0;1
GOBP_PROTEIN_POLYMERIZATION;0;0;0;0;1;1
GOBP_PROTEIN_REFOLDING;1;0;0;0;0;0
GOBP_PROTEIN_STABILIZATION;1;0;0;0;0;0
GOBP_PROTEIN_TARGETING_TO_MITOCHONDRION;0;0;1;1;1;1
GOBP_PROTEIN_TETRAMERIZATION;0;0;1;0;1;0
GOBP_PROTEIN_TRANSMEMBRANE_IMPORT_INTO_INTRACELLULAR_ORGANELLE;1;0;1;0;0;0
GOBP_PROTEIN_TRANSMEMBRANE_TRANSPORT;1;0;1;1;0;0
GOBP_PROTEOGLYCAN_BIOSYNTHETIC_PROCESS;0;1;0;0;0;0
GOBP_PROTEOGLYCAN_METABOLIC_PROCESS;0;1;0;0;0;0
GOBP_PROTON_TRANSMEMBRANE_TRANSPORT;1;0;0;0;0;0
GOBP_PSEUDOURIDINE_SYNTHESIS;1;1;1;1;0;1
GOBP_PTERIDINE_CONTAINING_COMPOUND_BIOSYNTHETIC_PROCESS;0;0;1;1;1;1
GOBP_PTERIDINE_CONTAINING_COMPOUND_METABOLIC_PROCESS;0;0;1;1;1;1
GOBP_PURINE_CONTAINING_COMPOUND_BIOSYNTHETIC_PROCESS;1;1;1;1;1;1
GOBP_PURINE_CONTAINING_COMPOUND_CATABOLIC_PROCESS;0;0;0;1;0;0
GOBP_PURINE_CONTAINING_COMPOUND_METABOLIC_PROCESS;0;0;1;1;1;1
GOBP_PURINE_CONTAINING_COMPOUND_TRANSMEMBRANE_TRANSPORT;0;0;0;1;1;0
GOBP_PURINE_NUCLEOBASE_METABOLIC_PROCESS;0;0;1;1;1;1
GOBP_PURINE_NUCLEOSIDE_MONOPHOSPHATE_BIOSYNTHETIC_PROCESS;1;0;1;1;1;1
GOBP_PURINE_NUCLEOSIDE_MONOPHOSPHATE_METABOLIC_PROCESS;0;0;1;1;1;1
GOBP_PYRIDINE_CONTAINING_COMPOUND_BIOSYNTHETIC_PROCESS;0;0;1;0;1;0
GOBP_PYRIDINE_CONTAINING_COMPOUND_METABOLIC_PROCESS;0;0;1;1;1;0
GOBP_PYRIMIDINE_CONTAINING_COMPOUND_BIOSYNTHETIC_PROCESS;0;0;1;1;1;1
GOBP_PYRIMIDINE_CONTAINING_COMPOUND_CATABOLIC_PROCESS;0;0;1;1;1;1
GOBP_PYRIMIDINE_CONTAINING_COMPOUND_METABOLIC_PROCESS;0;0;1;1;1;1
GOBP_PYRIMIDINE_DEOXYRIBONUCLEOTIDE_METABOLIC_PROCESS;0;0;1;1;1;1
GOBP_PYRIMIDINE_NUCLEOBASE_METABOLIC_PROCESS;0;0;1;1;1;1
GOBP_PYRIMIDINE_NUCLEOSIDE_CATABOLIC_PROCESS;0;0;0;1;1;1
GOBP_PYRIMIDINE_NUCLEOSIDE_METABOLIC_PROCESS;0;0;1;1;1;1
GOBP_PYRIMIDINE_NUCLEOSIDE_MONOPHOSPHATE_BIOSYNTHETIC_PROCESS;0;0;1;1;1;1
GOBP_PYRIMIDINE_NUCLEOSIDE_MONOPHOSPHATE_METABOLIC_PROCESS;0;1;1;1;1;1
GOBP_PYRIMIDINE_NUCLEOSIDE_TRIPHOSPHATE_BIOSYNTHETIC_PROCESS;0;0;1;1;1;1
GOBP_PYRIMIDINE_NUCLEOSIDE_TRIPHOSPHATE_METABOLIC_PROCESS;1;0;1;1;1;1
GOBP_PYRIMIDINE_NUCLEOTIDE_CATABOLIC_PROCESS;0;0;0;1;0;1
GOBP_PYRIMIDINE_NUCLEOTIDE_METABOLIC_PROCESS;0;0;1;1;1;1
GOBP_PYRIMIDINE_RIBONUCLEOSIDE_MONOPHOSPHATE_METABOLIC_PROCESS;0;0;1;0;0;0
GOBP_PYRUVATE_METABOLIC_PROCESS;1;0;1;1;1;1
GOBP_QUINONE_METABOLIC_PROCESS;0;0;1;0;0;0
GOBP_REACTIVE_NITROGEN_SPECIES_METABOLIC_PROCESS;0;0;0;0;0;1
GOBP_RECEPTOR_RECYCLING;1;0;0;0;0;0
GOBP_RECEPTOR_SIGNALING_PATHWAY_VIA_STAT;1;0;0;0;0;1
GOBP_RECOMBINATIONAL_REPAIR;0;0;1;1;1;1
GOBP_REGENERATION;1;0;0;0;0;0
GOBP_REGIONALIZATION;0;1;0;0;0;0
GOBP_REGULATION_OF_ADAPTIVE_IMMUNE_RESPONSE;0;0;0;0;1;1
GOBP_REGULATION_OF_AEROBIC_RESPIRATION;1;0;0;0;0;0
GOBP_REGULATION_OF_ALPHA_BETA_T_CELL_ACTIVATION;0;0;0;0;1;1
GOBP_REGULATION_OF_ANIMAL_ORGAN_MORPHOGENESIS;0;1;0;0;0;0
GOBP_REGULATION_OF_ANION_TRANSPORT;1;0;0;0;0;0
GOBP_REGULATION_OF_ANTIGEN_PROCESSING_AND_PRESENTATION;0;1;0;0;0;0
GOBP_REGULATION_OF_APOPTOTIC_SIGNALING_PATHWAY;1;1;0;1;1;1
GOBP_REGULATION_OF_ATP_BIOSYNTHETIC_PROCESS;0;0;0;1;1;0
GOBP_REGULATION_OF_ATP_METABOLIC_PROCESS;0;0;1;0;0;1
GOBP_REGULATION_OF_AXONOGENESIS;0;1;0;0;0;0
GOBP_REGULATION_OF_B_CELL_ACTIVATION;0;0;0;0;0;1
GOBP_REGULATION_OF_BLOOD_PRESSURE;0;1;0;0;0;0
GOBP_REGULATION_OF_BODY_FLUID_LEVELS;1;1;0;0;1;0
GOBP_REGULATION_OF_BONE_REMODELING;1;1;0;0;0;0
GOBP_REGULATION_OF_BONE_RESORPTION;1;1;0;0;0;0
GOBP_REGULATION_OF_CALCINEURIN_MEDIATED_SIGNALING;0;1;0;0;0;0
GOBP_REGULATION_OF_CALCIUM_ION_IMPORT;1;0;0;0;0;0
GOBP_REGULATION_OF_CD4_POSITIVE_ALPHA_BETA_T_CELL_ACTIVATION;0;0;0;0;1;1
GOBP_REGULATION_OF_CELL_ACTIVATION;1;1;0;0;0;0
GOBP_REGULATION_OF_CELL_ADHESION;1;1;0;0;0;0
GOBP_REGULATION_OF_CELL_ADHESION_MEDIATED_BY_INTEGRIN;0;0;1;1;1;1
GOBP_REGULATION_OF_CELL_CELL_ADHESION;1;1;0;0;1;1
GOBP_REGULATION_OF_CELL_CYCLE_CHECKPOINT;0;1;0;0;0;0
GOBP_REGULATION_OF_CELL_CYCLE_G1_S_PHASE_TRANSITION;1;1;1;1;1;1
GOBP_REGULATION_OF_CELL_CYCLE_G2_M_PHASE_TRANSITION;1;0;1;1;1;1
GOBP_REGULATION_OF_CELL_CYCLE_PHASE_TRANSITION;1;1;1;1;1;1
GOBP_REGULATION_OF_CELL_DEVELOPMENT;0;1;0;0;0;0
GOBP_REGULATION_OF_CELL_DIVISION;1;1;1;1;1;1
GOBP_REGULATION_OF_CELL_JUNCTION_ASSEMBLY;0;1;0;0;0;0
GOBP_REGULATION_OF_CELL_MATRIX_ADHESION;0;1;0;0;0;0
GOBP_REGULATION_OF_CELL_MIGRATION_INVOLVED_IN_SPROUTING_ANGIOGENESIS;0;1;0;0;0;0
GOBP_REGULATION_OF_CELL_SIZE;0;1;0;0;0;0
GOBP_REGULATION_OF_CELL_SUBSTRATE_ADHESION;0;1;0;0;0;0
GOBP_REGULATION_OF_CELLULAR_AMIDE_METABOLIC_PROCESS;0;0;1;0;0;0
GOBP_REGULATION_OF_CELLULAR_AMINE_METABOLIC_PROCESS;1;0;0;0;0;0
GOBP_REGULATION_OF_CELLULAR_EXTRAVASATION;0;0;0;0;1;1
GOBP_REGULATION_OF_CELLULAR_KETONE_METABOLIC_PROCESS;1;1;0;0;0;0
GOBP_REGULATION_OF_CENTROSOME_CYCLE;0;1;0;0;0;0
GOBP_REGULATION_OF_CHEMOTAXIS;1;1;0;0;0;1
GOBP_REGULATION_OF_CHOLESTEROL_EFFLUX;1;1;0;0;0;0
GOBP_REGULATION_OF_CHROMATIN_BINDING;0;0;1;1;0;0
GOBP_REGULATION_OF_CHROMOSOME_ORGANIZATION;1;1;1;1;1;1
GOBP_REGULATION_OF_CHROMOSOME_SEGREGATION;1;1;1;1;1;1
GOBP_REGULATION_OF_CHROMOSOME_SEPARATION;1;1;1;1;1;1
GOBP_REGULATION_OF_CIRCADIAN_RHYTHM;0;1;0;0;0;0
GOBP_REGULATION_OF_CIRCADIAN_SLEEP_WAKE_CYCLE;0;0;0;0;1;0
GOBP_REGULATION_OF_COAGULATION;1;0;0;0;1;0
GOBP_REGULATION_OF_COMPLEMENT_ACTIVATION;0;0;1;0;1;0
GOBP_REGULATION_OF_CYCLIN_DEPENDENT_PROTEIN_KINASE_ACTIVITY;1;1;1;1;1;1
GOBP_REGULATION_OF_CYSTEINE_TYPE_ENDOPEPTIDASE_ACTIVITY;1;0;0;0;1;1
GOBP_REGULATION_OF_CYTOKINESIS;1;1;1;1;1;1
GOBP_REGULATION_OF_DEFENSE_RESPONSE_TO_VIRUS;0;0;0;0;1;1
GOBP_REGULATION_OF_DEFENSE_RESPONSE_TO_VIRUS_BY_HOST;0;0;0;1;1;1
GOBP_REGULATION_OF_DNA_BINDING;1;0;0;0;0;0
GOBP_REGULATION_OF_DNA_BIOSYNTHETIC_PROCESS;1;0;1;1;0;0
GOBP_REGULATION_OF_DNA_DAMAGE_RESPONSE_SIGNAL_TRANSDUCTION_BY_P53_CLASS_MEDIATOR;1;1;0;0;0;0
GOBP_REGULATION_OF_DNA_DEPENDENT_DNA_REPLICATION;1;0;1;1;1;1
GOBP_REGULATION_OF_DNA_METABOLIC_PROCESS;0;0;1;1;0;1
GOBP_REGULATION_OF_DNA_RECOMBINATION;0;0;1;0;0;0
GOBP_REGULATION_OF_DNA_REPAIR;0;0;1;0;0;0
GOBP_REGULATION_OF_DNA_REPLICATION;0;0;1;1;1;1
GOBP_REGULATION_OF_DNA_STRAND_ELONGATION;0;0;1;0;0;0
GOBP_REGULATION_OF_DNA_TEMPLATED_TRANSCRIPTION_IN_RESPONSE_TO_STRESS;1;0;0;0;0;0
GOBP_REGULATION_OF_DOUBLE_STRAND_BREAK_REPAIR;0;0;1;0;0;0
GOBP_REGULATION_OF_DOUBLE_STRAND_BREAK_REPAIR_VIA_HOMOLOGOUS_RECOMBINATION;0;0;1;0;0;0
GOBP_REGULATION_OF_ENDOTHELIAL_CELL_DEVELOPMENT;0;0;0;0;1;0
GOBP_REGULATION_OF_ENDOTHELIAL_CELL_MIGRATION;0;1;0;0;0;0
GOBP_REGULATION_OF_EPITHELIAL_CELL_DIFFERENTIATION;0;0;0;0;1;1
GOBP_REGULATION_OF_EPITHELIAL_CELL_MIGRATION;0;1;0;0;0;0
GOBP_REGULATION_OF_EPITHELIAL_TO_MESENCHYMAL_TRANSITION;0;1;0;0;0;0
GOBP_REGULATION_OF_ESTABLISHMENT_OF_PLANAR_POLARITY;0;1;0;0;0;0
GOBP_REGULATION_OF_EXIT_FROM_MITOSIS;0;1;0;1;0;1
GOBP_REGULATION_OF_EXTRACELLULAR_MATRIX_DISASSEMBLY;0;0;0;0;0;1
GOBP_REGULATION_OF_EXTRACELLULAR_MATRIX_ORGANIZATION;0;1;0;0;0;0
GOBP_REGULATION_OF_EXTRINSIC_APOPTOTIC_SIGNALING_PATHWAY;1;1;0;0;1;1
GOBP_REGULATION_OF_EXTRINSIC_APOPTOTIC_SIGNALING_PATHWAY_IN_ABSENCE_OF_LIGAND;1;1;0;0;0;0
GOBP_REGULATION_OF_FAT_CELL_DIFFERENTIATION;1;1;0;0;0;0
GOBP_REGULATION_OF_FATTY_ACID_METABOLIC_PROCESS;1;1;0;0;0;0
GOBP_REGULATION_OF_GENERATION_OF_PRECURSOR_METABOLITES_AND_ENERGY;1;0;1;0;0;1
GOBP_REGULATION_OF_GRANULOCYTE_CHEMOTAXIS;0;0;0;0;0;1
GOBP_REGULATION_OF_HEMATOPOIETIC_PROGENITOR_CELL_DIFFERENTIATION;0;1;1;0;0;0
GOBP_REGULATION_OF_HEMOPOIESIS;1;1;0;0;0;0
GOBP_REGULATION_OF_HETEROTYPIC_CELL_CELL_ADHESION;0;1;0;0;0;0
GOBP_REGULATION_OF_HOMOTYPIC_CELL_CELL_ADHESION;1;0;0;0;0;0
GOBP_REGULATION_OF_IMMUNE_EFFECTOR_PROCESS;0;0;0;0;1;1
GOBP_REGULATION_OF_INFLAMMATORY_RESPONSE;0;1;0;0;0;1
GOBP_REGULATION_OF_INNATE_IMMUNE_RESPONSE;0;0;0;0;0;1
GOBP_REGULATION_OF_INOSITOL_PHOSPHATE_BIOSYNTHETIC_PROCESS;0;0;0;1;0;0
GOBP_REGULATION_OF_INTRINSIC_APOPTOTIC_SIGNALING_PATHWAY;1;1;0;0;0;0
GOBP_REGULATION_OF_INTRINSIC_APOPTOTIC_SIGNALING_PATHWAY_BY_P53_CLASS_MEDIATOR;1;1;0;0;0;0
GOBP_REGULATION_OF_INTRINSIC_APOPTOTIC_SIGNALING_PATHWAY_IN_RESPONSE_TO_DNA_DAMAGE;1;1;0;0;0;0
GOBP_REGULATION_OF_KERATINOCYTE_DIFFERENTIATION;0;0;0;0;0;1
GOBP_REGULATION_OF_LEUKOCYTE_APOPTOTIC_PROCESS;0;0;0;1;1;1
GOBP_REGULATION_OF_LEUKOCYTE_CHEMOTAXIS;1;1;0;1;1;1
GOBP_REGULATION_OF_LEUKOCYTE_DIFFERENTIATION;1;1;0;0;1;1
GOBP_REGULATION_OF_LEUKOCYTE_MEDIATED_IMMUNITY;0;0;0;0;1;1
GOBP_REGULATION_OF_LEUKOCYTE_MIGRATION;1;1;0;1;1;1
GOBP_REGULATION_OF_LEUKOCYTE_PROLIFERATION;1;0;0;0;1;1
GOBP_REGULATION_OF_LEUKOCYTE_TETHERING_OR_ROLLING;0;0;0;1;1;1
GOBP_REGULATION_OF_LIPID_KINASE_ACTIVITY;1;1;0;0;0;0
GOBP_REGULATION_OF_LIPID_LOCALIZATION;1;1;0;0;0;0
GOBP_REGULATION_OF_LIPID_STORAGE;0;1;0;0;0;0
GOBP_REGULATION_OF_LIPID_TRANSPORT;1;1;0;0;0;0
GOBP_REGULATION_OF_LIPOPOLYSACCHARIDE_MEDIATED_SIGNALING_PATHWAY;1;0;0;0;1;1
GOBP_REGULATION_OF_LONG_TERM_SYNAPTIC_POTENTIATION;1;1;0;0;0;0
GOBP_REGULATION_OF_LYMPHOCYTE_ACTIVATION;1;0;0;0;0;0
GOBP_REGULATION_OF_LYMPHOCYTE_APOPTOTIC_PROCESS;0;0;0;0;0;1
GOBP_REGULATION_OF_LYMPHOCYTE_CHEMOTAXIS;0;0;1;1;1;1
GOBP_REGULATION_OF_LYMPHOCYTE_DIFFERENTIATION;1;0;0;0;1;1
GOBP_REGULATION_OF_LYMPHOCYTE_MEDIATED_IMMUNITY;0;0;0;0;1;1
GOBP_REGULATION_OF_LYMPHOCYTE_MIGRATION;1;0;1;1;1;1
GOBP_REGULATION_OF_MACROPHAGE_ACTIVATION;0;1;0;0;0;0
GOBP_REGULATION_OF_MACROPHAGE_CHEMOTAXIS;0;1;0;0;0;0
GOBP_REGULATION_OF_MACROPHAGE_DERIVED_FOAM_CELL_DIFFERENTIATION;1;1;0;0;0;0
GOBP_REGULATION_OF_MACROPHAGE_MIGRATION;1;1;0;0;1;1
GOBP_REGULATION_OF_MAP_KINASE_ACTIVITY;0;1;0;0;0;0
GOBP_REGULATION_OF_MEIOTIC_CELL_CYCLE;0;0;0;1;1;1
GOBP_REGULATION_OF_MEMBRANE_PERMEABILITY;1;1;1;1;0;1
GOBP_REGULATION_OF_MEMBRANE_PROTEIN_ECTODOMAIN_PROTEOLYSIS;1;1;0;0;0;0
GOBP_REGULATION_OF_MICROTUBULE_CYTOSKELETON_ORGANIZATION;0;0;1;1;1;1
GOBP_REGULATION_OF_MICROTUBULE_POLYMERIZATION;0;0;0;0;1;1
GOBP_REGULATION_OF_MICROTUBULE_POLYMERIZATION_OR_DEPOLYMERIZATION;0;0;1;1;1;1
GOBP_REGULATION_OF_MITOCHONDRIAL_GENE_EXPRESSION;1;0;1;1;0;1
GOBP_REGULATION_OF_MITOCHONDRIAL_MEMBRANE_PERMEABILITY;1;0;1;0;0;1
GOBP_REGULATION_OF_MITOCHONDRIAL_MEMBRANE_PERMEABILITY_INVOLVED_IN_APOPTOTIC_PROCESS;1;0;1;0;0;0
GOBP_REGULATION_OF_MITOCHONDRIAL_MEMBRANE_POTENTIAL;1;0;1;0;0;0
GOBP_REGULATION_OF_MITOCHONDRIAL_OUTER_MEMBRANE_PERMEABILIZATION_INVOLVED_IN_APOPTOTIC_SIGNALING_PATHWAY;1;0;1;0;0;0
GOBP_REGULATION_OF_MITOCHONDRION_ORGANIZATION;0;0;1;0;0;1
GOBP_REGULATION_OF_MITOTIC_CELL_CYCLE;1;1;1;1;1;1
GOBP_REGULATION_OF_MITOTIC_CELL_CYCLE_PHASE_TRANSITION;1;1;1;1;1;1
GOBP_REGULATION_OF_MITOTIC_CELL_CYCLE_SPINDLE_ASSEMBLY_CHECKPOINT;0;1;0;0;0;0
GOBP_REGULATION_OF_MITOTIC_NUCLEAR_DIVISION;1;1;1;1;1;1
GOBP_REGULATION_OF_MITOTIC_SISTER_CHROMATID_SEGREGATION;1;1;1;1;1;1
GOBP_REGULATION_OF_MITOTIC_SPINDLE_ASSEMBLY;1;0;0;0;0;0
GOBP_REGULATION_OF_MONOCYTE_CHEMOTAXIS;0;0;0;1;1;1
GOBP_REGULATION_OF_MONONUCLEAR_CELL_MIGRATION;1;1;1;1;1;1
GOBP_REGULATION_OF_MONOOXYGENASE_ACTIVITY;0;0;0;0;1;1
GOBP_REGULATION_OF_MORPHOGENESIS_OF_AN_EPITHELIUM;0;0;0;0;0;1
GOBP_REGULATION_OF_MULTICELLULAR_ORGANISM_GROWTH;0;1;0;0;0;0
GOBP_REGULATION_OF_MUSCLE_ADAPTATION;0;1;0;0;0;0
GOBP_REGULATION_OF_MUSCLE_HYPERTROPHY;0;1;0;0;0;0
GOBP_REGULATION_OF_MUSCLE_ORGAN_DEVELOPMENT;0;1;0;0;0;0
GOBP_REGULATION_OF_MUSCLE_SYSTEM_PROCESS;0;1;0;0;0;0
GOBP_REGULATION_OF_MYELINATION;0;1;0;0;0;1
GOBP_REGULATION_OF_MYELOID_CELL_APOPTOTIC_PROCESS;0;0;0;0;1;1
GOBP_REGULATION_OF_MYELOID_CELL_DIFFERENTIATION;1;1;0;0;0;0
GOBP_REGULATION_OF_MYELOID_LEUKOCYTE_DIFFERENTIATION;1;1;0;0;1;1
GOBP_REGULATION_OF_MYOBLAST_FUSION;0;0;0;0;1;0
GOBP_REGULATION_OF_NATURAL_KILLER_CELL_ACTIVATION;0;0;0;0;0;1
GOBP_REGULATION_OF_NATURAL_KILLER_CELL_MEDIATED_IMMUNITY;0;1;0;0;0;0
GOBP_REGULATION_OF_NERVOUS_SYSTEM_DEVELOPMENT;0;1;0;0;0;0
GOBP_REGULATION_OF_NERVOUS_SYSTEM_PROCESS;1;1;0;0;1;1
GOBP_REGULATION_OF_NEURAL_PRECURSOR_CELL_PROLIFERATION;0;1;0;0;1;1
GOBP_REGULATION_OF_NEURON_MIGRATION;0;1;0;0;0;0
GOBP_REGULATION_OF_NEUROTRANSMITTER_RECEPTOR_ACTIVITY;0;1;0;0;0;0
GOBP_REGULATION_OF_NEUTROPHIL_CHEMOTAXIS;0;0;0;0;0;1
GOBP_REGULATION_OF_NEUTROPHIL_MIGRATION;1;0;0;0;0;1
GOBP_REGULATION_OF_NIK_NF_KAPPAB_SIGNALING;0;0;0;1;1;1
GOBP_REGULATION_OF_NMDA_RECEPTOR_ACTIVITY;0;0;0;0;0;1
GOBP_REGULATION_OF_NUCLEAR_DIVISION;1;1;1;1;1;1
GOBP_REGULATION_OF_NUCLEASE_ACTIVITY;0;0;1;1;0;0
GOBP_REGULATION_OF_OSSIFICATION;0;1;0;0;0;0
GOBP_REGULATION_OF_OSTEOBLAST_DIFFERENTIATION;0;1;0;0;0;0
GOBP_REGULATION_OF_OSTEOCLAST_DIFFERENTIATION;0;1;0;0;1;1
GOBP_REGULATION_OF_OXIDATIVE_PHOSPHORYLATION;1;0;0;0;0;0
GOBP_REGULATION_OF_OXIDATIVE_STRESS_INDUCED_CELL_DEATH;0;1;0;0;0;0
GOBP_REGULATION_OF_OXIDOREDUCTASE_ACTIVITY;0;0;0;0;1;1
GOBP_REGULATION_OF_P38MAPK_CASCADE;0;1;0;0;0;0
GOBP_REGULATION_OF_PEPTIDASE_ACTIVITY;1;0;0;0;1;1
GOBP_REGULATION_OF_PEPTIDYL_SERINE_PHOSPHORYLATION;0;1;0;0;0;0
GOBP_REGULATION_OF_PEPTIDYL_SERINE_PHOSPHORYLATION_OF_STAT_PROTEIN;0;0;0;1;1;0
GOBP_REGULATION_OF_PEPTIDYL_THREONINE_PHOSPHORYLATION;0;1;0;0;0;0
GOBP_REGULATION_OF_PEPTIDYL_TYROSINE_PHOSPHORYLATION;1;1;0;0;0;0
GOBP_REGULATION_OF_PHAGOCYTOSIS;1;1;0;0;0;0
GOBP_REGULATION_OF_PHOSPHATIDYLINOSITOL_3_KINASE_ACTIVITY;1;1;0;0;0;0
GOBP_REGULATION_OF_PHOSPHATIDYLINOSITOL_3_KINASE_SIGNALING;0;0;0;0;1;1
GOBP_REGULATION_OF_PHOSPHOLIPASE_ACTIVITY;0;0;0;0;1;0
GOBP_REGULATION_OF_PHOSPHOLIPASE_C_ACTIVITY;0;0;0;0;1;1
GOBP_REGULATION_OF_PHOSPHOLIPID_BIOSYNTHETIC_PROCESS;0;0;0;0;1;1
GOBP_REGULATION_OF_PHOSPHOLIPID_METABOLIC_PROCESS;0;0;0;1;1;1
GOBP_REGULATION_OF_PHOSPHOPROTEIN_PHOSPHATASE_ACTIVITY;1;0;0;0;0;0
GOBP_REGULATION_OF_PLATELET_ACTIVATION;1;0;0;0;0;0
GOBP_REGULATION_OF_PLATELET_AGGREGATION;1;0;0;0;0;0
GOBP_REGULATION_OF_PRODUCTION_OF_MOLECULAR_MEDIATOR_OF_IMMUNE_RESPONSE;0;0;0;0;0;1
GOBP_REGULATION_OF_PROTEIN_AUTOPHOSPHORYLATION;1;1;0;0;0;0
GOBP_REGULATION_OF_PROTEIN_IMPORT;0;1;0;0;0;0
GOBP_REGULATION_OF_PROTEIN_KINASE_ACTIVITY;0;1;0;0;0;0
GOBP_REGULATION_OF_PROTEIN_LOCALIZATION_TO_CELL_PERIPHERY;1;1;0;0;0;0
GOBP_REGULATION_OF_PROTEIN_LOCALIZATION_TO_MEMBRANE;0;1;0;0;0;0
GOBP_REGULATION_OF_PROTEIN_LOCALIZATION_TO_NUCLEUS;0;1;1;0;0;0
GOBP_REGULATION_OF_PROTEIN_LOCALIZATION_TO_PLASMA_MEMBRANE;0;1;0;0;0;0
GOBP_REGULATION_OF_PROTEIN_SERINE_THREONINE_KINASE_ACTIVITY;0;1;0;1;1;1
GOBP_REGULATION_OF_PROTEIN_STABILITY;1;0;0;0;0;0
GOBP_REGULATION_OF_PROTEIN_TYROSINE_KINASE_ACTIVITY;1;0;0;0;0;0
GOBP_REGULATION_OF_RECEPTOR_LOCALIZATION_TO_SYNAPSE;0;1;0;0;0;0
GOBP_REGULATION_OF_RECEPTOR_RECYCLING;0;0;1;0;0;0
GOBP_REGULATION_OF_RECEPTOR_SIGNALING_PATHWAY_VIA_STAT;0;0;0;0;0;1
GOBP_REGULATION_OF_RELEASE_OF_CYTOCHROME_C_FROM_MITOCHONDRIA;1;1;0;0;0;0
GOBP_REGULATION_OF_REPRODUCTIVE_PROCESS;0;1;0;0;0;0
GOBP_REGULATION_OF_RESPONSE_TO_BIOTIC_STIMULUS;0;0;0;1;1;1
GOBP_REGULATION_OF_RESPONSE_TO_DNA_DAMAGE_STIMULUS;0;0;1;1;0;0
GOBP_REGULATION_OF_RESPONSE_TO_OXIDATIVE_STRESS;0;1;0;0;0;0
GOBP_REGULATION_OF_RESPONSE_TO_REACTIVE_OXYGEN_SPECIES;0;1;0;0;0;0
GOBP_REGULATION_OF_RESPONSE_TO_TUMOR_CELL;0;0;1;0;1;1
GOBP_REGULATION_OF_SENSORY_PERCEPTION;0;0;0;0;1;0
GOBP_REGULATION_OF_SIGNAL_TRANSDUCTION_BY_P53_CLASS_MEDIATOR;1;1;0;0;0;0
GOBP_REGULATION_OF_SIGNALING_RECEPTOR_ACTIVITY;0;1;0;0;0;0
GOBP_REGULATION_OF_SISTER_CHROMATID_COHESION;0;0;1;1;0;0
GOBP_REGULATION_OF_SPINDLE_ASSEMBLY;1;0;0;1;0;1
GOBP_REGULATION_OF_SPINDLE_ORGANIZATION;1;0;1;1;1;1
GOBP_REGULATION_OF_STEROID_METABOLIC_PROCESS;1;0;0;0;0;0
GOBP_REGULATION_OF_STEROL_TRANSPORT;1;1;0;0;0;0
GOBP_REGULATION_OF_SYNAPSE_STRUCTURE_OR_ACTIVITY;0;1;0;0;0;0
GOBP_REGULATION_OF_SYNAPTIC_TRANSMISSION_GABAERGIC;0;1;0;0;0;0
GOBP_REGULATION_OF_SYSTEM_PROCESS;0;1;0;0;0;0
GOBP_REGULATION_OF_SYSTEMIC_ARTERIAL_BLOOD_PRESSURE_BY_CIRCULATORY_RENIN_ANGIOTENSIN;0;0;0;0;1;1
GOBP_REGULATION_OF_T_CELL_ACTIVATION;1;0;0;1;1;1
GOBP_REGULATION_OF_T_CELL_APOPTOTIC_PROCESS;0;0;1;1;1;1
GOBP_REGULATION_OF_T_CELL_CHEMOTAXIS;0;0;0;1;1;1
GOBP_REGULATION_OF_T_CELL_DIFFERENTIATION;1;0;0;0;0;1
GOBP_REGULATION_OF_T_CELL_MIGRATION;1;1;0;1;1;1
GOBP_REGULATION_OF_T_CELL_PROLIFERATION;1;0;0;1;1;1
GOBP_REGULATION_OF_T_CELL_RECEPTOR_SIGNALING_PATHWAY;0;0;0;1;0;1
GOBP_REGULATION_OF_T_HELPER_1_TYPE_IMMUNE_RESPONSE;0;0;0;0;1;1
GOBP_REGULATION_OF_TELOMERASE_ACTIVITY;1;0;0;0;0;0
GOBP_REGULATION_OF_TELOMERE_CAPPING;0;0;0;1;0;0
GOBP_REGULATION_OF_TELOMERE_MAINTENANCE;0;0;1;1;0;0
GOBP_REGULATION_OF_TELOMERE_MAINTENANCE_VIA_TELOMERE_LENGTHENING;0;0;1;1;0;0
GOBP_REGULATION_OF_TISSUE_REMODELING;1;1;0;0;0;0
GOBP_REGULATION_OF_TOLERANCE_INDUCTION;0;0;1;0;1;1
GOBP_REGULATION_OF_TOLL_LIKE_RECEPTOR_4_SIGNALING_PATHWAY;0;1;0;0;0;0
GOBP_REGULATION_OF_TRANSCRIPTION_BY_RNA_POLYMERASE_I;0;0;1;0;0;0
GOBP_REGULATION_OF_TRANSCRIPTION_INVOLVED_IN_G1_S_TRANSITION_OF_MITOTIC_CELL_CYCLE;1;1;0;0;0;0
GOBP_REGULATION_OF_TRANSLATIONAL_FIDELITY;0;0;1;0;0;0
GOBP_REGULATION_OF_TRANSPORTER_ACTIVITY;0;1;0;0;0;0
GOBP_REGULATION_OF_TRIGLYCERIDE_BIOSYNTHETIC_PROCESS;0;1;0;0;0;0
GOBP_REGULATION_OF_TYPE_I_INTERFERON_MEDIATED_SIGNALING_PATHWAY;0;0;1;1;1;1
GOBP_REGULATION_OF_UBIQUITIN_PROTEIN_LIGASE_ACTIVITY;1;1;1;1;1;1
GOBP_REGULATION_OF_UBIQUITIN_PROTEIN_TRANSFERASE_ACTIVITY;1;0;1;1;0;0
GOBP_REGULATION_OF_VASCULAR_ASSOCIATED_SMOOTH_MUSCLE_CELL_DIFFERENTIATION;0;0;0;0;1;1
GOBP_REGULATION_OF_VASCULAR_PERMEABILITY;1;1;0;0;0;0
GOBP_REGULATION_OF_VASCULATURE_DEVELOPMENT;1;1;0;0;0;0
GOBP_REGULATION_OF_VIRAL_GENOME_REPLICATION;1;0;1;1;1;1
GOBP_REGULATION_OF_VIRAL_PROCESS;0;0;1;1;1;1
GOBP_REGULATORY_T_CELL_DIFFERENTIATION;1;0;0;0;1;1
GOBP_RELAXATION_OF_MUSCLE;0;1;0;0;0;0
GOBP_RELEASE_OF_CYTOCHROME_C_FROM_MITOCHONDRIA;1;1;0;0;0;0
GOBP_RENAL_VESICLE_DEVELOPMENT;0;0;0;0;1;0
GOBP_REPLICATION_FORK_PROCESSING;0;0;1;1;1;1
GOBP_REPRODUCTIVE_SYSTEM_DEVELOPMENT;0;1;0;0;0;0
GOBP_RESPIRATORY_CHAIN_COMPLEX_IV_ASSEMBLY;0;0;1;1;1;1
GOBP_RESPIRATORY_ELECTRON_TRANSPORT_CHAIN;1;0;1;1;1;1
GOBP_RESPIRATORY_SYSTEM_DEVELOPMENT;0;1;0;0;0;0
GOBP_RESPONSE_TO_ACID_CHEMICAL;1;1;0;0;0;0
GOBP_RESPONSE_TO_ALKALOID;0;1;0;0;0;0
GOBP_RESPONSE_TO_AMYLOID_BETA;1;0;0;0;0;0
GOBP_RESPONSE_TO_ANGIOTENSIN;1;1;0;0;0;0
GOBP_RESPONSE_TO_ANTIBIOTIC;1;0;0;0;0;0
GOBP_RESPONSE_TO_ARSENIC_CONTAINING_SUBSTANCE;1;1;0;0;0;0
GOBP_RESPONSE_TO_BACTERIUM;1;0;0;0;0;0
GOBP_RESPONSE_TO_CADMIUM_ION;0;0;1;0;0;0
GOBP_RESPONSE_TO_CAMP;0;1;0;0;0;0
GOBP_RESPONSE_TO_CARBOHYDRATE;0;1;0;0;0;0
GOBP_RESPONSE_TO_CHEMOKINE;1;1;0;0;1;1
GOBP_RESPONSE_TO_COPPER_ION;1;0;1;1;1;1
GOBP_RESPONSE_TO_CORTICOSTEROID;1;1;0;0;0;0
GOBP_RESPONSE_TO_DSRNA;0;0;1;0;0;1
GOBP_RESPONSE_TO_ELECTRICAL_STIMULUS;0;1;0;0;0;0
GOBP_RESPONSE_TO_ESTRADIOL;1;1;0;1;1;1
GOBP_RESPONSE_TO_FATTY_ACID;0;1;0;0;0;0
GOBP_RESPONSE_TO_FIBROBLAST_GROWTH_FACTOR;0;1;0;0;0;0
GOBP_RESPONSE_TO_FOLLICLE_STIMULATING_HORMONE;0;0;1;0;1;1
GOBP_RESPONSE_TO_GAMMA_RADIATION;1;1;1;1;1;0
GOBP_RESPONSE_TO_GONADOTROPIN;0;0;0;0;1;1
GOBP_RESPONSE_TO_GROWTH_FACTOR;0;1;0;0;0;0
GOBP_RESPONSE_TO_GROWTH_HORMONE;0;0;0;0;1;0
GOBP_RESPONSE_TO_HEAT;1;1;0;0;0;0
GOBP_RESPONSE_TO_HYDROPEROXIDE;0;0;0;0;0;1
GOBP_RESPONSE_TO_INTERFERON_ALPHA;0;0;1;1;1;1
GOBP_RESPONSE_TO_INTERFERON_BETA;0;0;1;1;1;1
GOBP_RESPONSE_TO_INTERFERON_GAMMA;1;0;1;1;1;1
GOBP_RESPONSE_TO_INTERLEUKIN_1;1;1;0;0;1;1
GOBP_RESPONSE_TO_INTERLEUKIN_4;1;1;0;0;0;0
GOBP_RESPONSE_TO_IONIZING_RADIATION;0;0;1;1;1;1
GOBP_RESPONSE_TO_ISCHEMIA;0;1;0;0;0;1
GOBP_RESPONSE_TO_LEUKEMIA_INHIBITORY_FACTOR;1;1;0;0;0;0
GOBP_RESPONSE_TO_MOLECULE_OF_BACTERIAL_ORIGIN;1;0;0;1;1;1
GOBP_RESPONSE_TO_MONOSACCHARIDE;0;1;0;0;0;0
GOBP_RESPONSE_TO_NERVE_GROWTH_FACTOR;0;1;0;0;0;0
GOBP_RESPONSE_TO_NITRIC_OXIDE;0;0;1;1;0;1
GOBP_RESPONSE_TO_NUTRIENT;1;1;1;1;1;1
GOBP_RESPONSE_TO_OXIDATIVE_STRESS;0;1;0;1;1;1
GOBP_RESPONSE_TO_OXYGEN_LEVELS;1;1;0;0;1;1
GOBP_RESPONSE_TO_PURINE_CONTAINING_COMPOUND;0;1;0;0;0;0
GOBP_RESPONSE_TO_RETINOIC_ACID;1;0;0;0;0;0
GOBP_RESPONSE_TO_STEROL;0;1;0;0;0;0
GOBP_RESPONSE_TO_THYROID_HORMONE;1;0;0;0;0;0
GOBP_RESPONSE_TO_TOXIC_SUBSTANCE;1;1;1;1;1;1
GOBP_RESPONSE_TO_TUMOR_NECROSIS_FACTOR;1;1;1;1;1;1
GOBP_RESPONSE_TO_TYPE_I_INTERFERON;0;0;1;1;1;1
GOBP_RESPONSE_TO_UV;0;0;1;0;0;0
GOBP_RESPONSE_TO_VIRUS;1;0;1;1;1;1
GOBP_RESPONSE_TO_VITAMIN_D;1;1;0;0;1;0
GOBP_RESPONSE_TO_WOUNDING;1;1;0;0;0;0
GOBP_RESPONSE_TO_X_RAY;0;0;1;1;1;1
GOBP_RESPONSE_TO_XENOBIOTIC_STIMULUS;1;1;0;0;0;0
GOBP_RETINOIC_ACID_RECEPTOR_SIGNALING_PATHWAY;1;1;0;0;0;0
GOBP_RETROGRADE_VESICLE_MEDIATED_TRANSPORT_GOLGI_TO_ENDOPLASMIC_RETICULUM;0;0;0;0;0;1
GOBP_RHYTHMIC_BEHAVIOR;0;1;0;0;0;0
GOBP_RHYTHMIC_PROCESS;0;1;0;0;0;0
GOBP_RIBONUCLEOPROTEIN_COMPLEX_BIOGENESIS;1;0;1;1;0;0
GOBP_RIBONUCLEOPROTEIN_COMPLEX_SUBUNIT_ORGANIZATION;1;0;1;0;0;0
GOBP_RIBONUCLEOSIDE_CATABOLIC_PROCESS;0;0;0;1;1;1
GOBP_RIBONUCLEOSIDE_DIPHOSPHATE_METABOLIC_PROCESS;1;0;1;1;1;1
GOBP_RIBONUCLEOSIDE_METABOLIC_PROCESS;0;0;0;1;1;1
GOBP_RIBONUCLEOSIDE_MONOPHOSPHATE_BIOSYNTHETIC_PROCESS;1;1;1;1;1;1
GOBP_RIBONUCLEOSIDE_MONOPHOSPHATE_METABOLIC_PROCESS;0;0;1;1;1;1
GOBP_RIBONUCLEOSIDE_TRIPHOSPHATE_BIOSYNTHETIC_PROCESS;1;1;1;1;1;1
GOBP_RIBONUCLEOSIDE_TRIPHOSPHATE_METABOLIC_PROCESS;1;0;1;1;1;1
GOBP_RIBOSE_PHOSPHATE_BIOSYNTHETIC_PROCESS;1;1;1;1;1;1
GOBP_RIBOSE_PHOSPHATE_METABOLIC_PROCESS;1;0;1;1;1;1
GOBP_RIBOSOMAL_LARGE_SUBUNIT_ASSEMBLY;1;0;1;0;0;0
GOBP_RIBOSOMAL_LARGE_SUBUNIT_BIOGENESIS;1;1;1;1;0;0
GOBP_RIBOSOMAL_SMALL_SUBUNIT_ASSEMBLY;1;0;1;0;0;0
GOBP_RIBOSOMAL_SMALL_SUBUNIT_BIOGENESIS;1;1;1;1;0;1
GOBP_RIBOSOME_ASSEMBLY;1;1;1;1;0;0
GOBP_RIBOSOME_BIOGENESIS;1;0;1;1;1;1
GOBP_RIG_I_SIGNALING_PATHWAY;0;0;1;1;1;1
GOBP_RNA_3_END_PROCESSING;0;0;1;1;0;0
GOBP_RNA_5_END_PROCESSING;0;0;1;1;0;1
GOBP_RNA_CATABOLIC_PROCESS;0;0;1;0;0;0
GOBP_RNA_DEPENDENT_DNA_BIOSYNTHETIC_PROCESS;1;0;1;1;0;0
GOBP_RNA_LOCALIZATION;0;0;1;0;0;0
GOBP_RNA_METHYLATION;0;0;1;0;0;0
GOBP_RNA_MODIFICATION;0;0;1;1;0;1
GOBP_RNA_PHOSPHODIESTER_BOND_HYDROLYSIS;0;0;1;1;1;1
GOBP_RNA_PHOSPHODIESTER_BOND_HYDROLYSIS_ENDONUCLEOLYTIC;0;0;1;1;1;1
GOBP_RNA_PHOSPHODIESTER_BOND_HYDROLYSIS_EXONUCLEOLYTIC;0;0;1;0;0;0
GOBP_RNA_SURVEILLANCE;0;0;1;0;0;0
GOBP_ROOF_OF_MOUTH_DEVELOPMENT;0;1;0;0;0;0
GOBP_RRNA_METABOLIC_PROCESS;1;0;1;1;1;1
GOBP_RRNA_METHYLATION;0;0;1;1;0;0
GOBP_RRNA_MODIFICATION;1;0;1;1;0;0
GOBP_RRNA_TRANSCRIPTION;0;0;1;1;0;0
GOBP_RUFFLE_ASSEMBLY;0;0;0;0;1;0
GOBP_SALIVARY_GLAND_DEVELOPMENT;0;1;0;0;0;0
GOBP_SCHWANN_CELL_DIFFERENTIATION;1;0;0;0;0;0
GOBP_SECOND_MESSENGER_MEDIATED_SIGNALING;0;1;0;0;1;0
GOBP_SECONDARY_ALCOHOL_METABOLIC_PROCESS;1;0;0;1;1;1
GOBP_SECRETION_BY_TISSUE;0;1;0;0;0;0
GOBP_SEGMENTATION;0;1;0;0;0;0
GOBP_SEMAPHORIN_PLEXIN_SIGNALING_PATHWAY;1;1;0;0;0;0
GOBP_SEMAPHORIN_PLEXIN_SIGNALING_PATHWAY_INVOLVED_IN_NEURON_PROJECTION_GUIDANCE;0;0;0;0;1;1
GOBP_SENSORY_ORGAN_DEVELOPMENT;0;1;0;0;0;0
GOBP_SENSORY_PERCEPTION_OF_PAIN;1;1;0;0;1;1
GOBP_SENSORY_SYSTEM_DEVELOPMENT;0;1;0;0;0;0
GOBP_SEQUESTERING_OF_CALCIUM_ION;0;0;0;0;1;1
GOBP_SERINE_FAMILY_AMINO_ACID_BIOSYNTHETIC_PROCESS;0;0;1;1;1;1
GOBP_SERINE_FAMILY_AMINO_ACID_METABOLIC_PROCESS;0;1;1;1;1;1
GOBP_SERTOLI_CELL_DIFFERENTIATION;0;0;0;0;1;0
GOBP_SEX_DETERMINATION;0;0;0;0;1;0
GOBP_SEX_DIFFERENTIATION;0;1;0;0;0;0
GOBP_SIGNAL_TRANSDUCTION_BY_P53_CLASS_MEDIATOR;1;1;1;1;1;1
GOBP_SIGNAL_TRANSDUCTION_IN_ABSENCE_OF_LIGAND;1;1;0;0;0;0
GOBP_SIGNAL_TRANSDUCTION_IN_RESPONSE_TO_DNA_DAMAGE;1;1;1;1;1;1
GOBP_SINGLE_STRANDED_VIRAL_RNA_REPLICATION_VIA_DOUBLE_STRANDED_DNA_INTERMEDIATE;0;0;0;1;1;1
GOBP_SISTER_CHROMATID_COHESION;0;1;1;1;1;1
GOBP_SISTER_CHROMATID_SEGREGATION;1;1;1;1;1;1
GOBP_SKELETAL_SYSTEM_MORPHOGENESIS;0;1;0;0;0;0
GOBP_SKIN_DEVELOPMENT;0;0;0;0;1;0
GOBP_SMALL_MOLECULE_BIOSYNTHETIC_PROCESS;1;0;0;0;0;0
GOBP_SMALL_MOLECULE_CATABOLIC_PROCESS;0;0;1;1;1;1
GOBP_SMOOTH_MUSCLE_CELL_DIFFERENTIATION;0;0;0;0;1;0
GOBP_SMOOTH_MUSCLE_CELL_MIGRATION;1;1;1;1;1;1
GOBP_SMOOTH_MUSCLE_CELL_PROLIFERATION;0;1;0;0;0;0
GOBP_SNO_S_RNA_METABOLIC_PROCESS;0;0;1;0;0;1
GOBP_SNRNA_METABOLIC_PROCESS;0;0;1;1;0;0
GOBP_SNRNA_PROCESSING;0;0;1;1;0;0
GOBP_SOMATIC_DIVERSIFICATION_OF_IMMUNE_RECEPTORS;0;0;1;1;1;1
GOBP_SOMATIC_DIVERSIFICATION_OF_IMMUNE_RECEPTORS_VIA_SOMATIC_MUTATION;0;0;1;1;1;1
GOBP_SOMATIC_DIVERSIFICATION_OF_IMMUNOGLOBULINS;0;0;1;1;1;1
GOBP_SOMATIC_DIVERSIFICATION_OF_IMMUNOGLOBULINS_INVOLVED_IN_IMMUNE_RESPONSE;0;0;1;1;1;1
GOBP_SOMATIC_STEM_CELL_POPULATION_MAINTENANCE;1;0;0;0;0;0
GOBP_SPERM_EGG_RECOGNITION;1;0;0;0;0;0
GOBP_SPHINGOSINE_BIOSYNTHETIC_PROCESS;0;0;1;0;0;0
GOBP_SPINAL_CORD_DEVELOPMENT;0;1;0;0;0;0
GOBP_SPINDLE_ASSEMBLY;1;1;1;1;1;1
GOBP_SPINDLE_LOCALIZATION;1;1;1;1;1;1
GOBP_SPINDLE_ORGANIZATION;1;1;1;1;1;1
GOBP_SPLICEOSOMAL_SNRNP_ASSEMBLY;1;1;1;1;0;0
GOBP_STEROID_BIOSYNTHETIC_PROCESS;1;0;0;0;0;0
GOBP_STEROID_METABOLIC_PROCESS;1;0;0;0;0;1
GOBP_STEROL_BIOSYNTHETIC_PROCESS;1;0;0;0;0;0
GOBP_STEROL_HOMEOSTASIS;1;1;0;0;0;0
GOBP_STEROL_METABOLIC_PROCESS;1;0;0;0;1;0
GOBP_STEROL_TRANSPORT;1;0;0;0;0;0
GOBP_STRESS_RESPONSE_TO_METAL_ION;0;0;1;1;1;1
GOBP_STRIATED_MUSCLE_ADAPTATION;0;1;0;0;0;0
GOBP_STRIATED_MUSCLE_CELL_DIFFERENTIATION;0;1;0;0;0;0
GOBP_SUBSTANTIA_NIGRA_DEVELOPMENT;0;0;1;0;0;1
GOBP_SULFUR_AMINO_ACID_METABOLIC_PROCESS;0;1;0;0;0;0
GOBP_SULFUR_COMPOUND_BIOSYNTHETIC_PROCESS;0;0;1;1;1;1
GOBP_SULFUR_COMPOUND_CATABOLIC_PROCESS;0;1;1;1;0;1
GOBP_SULFUR_COMPOUND_METABOLIC_PROCESS;0;1;1;1;1;1
GOBP_SYMPATHETIC_NERVOUS_SYSTEM_DEVELOPMENT;0;0;0;0;0;1
GOBP_SYNAPSE_ORGANIZATION;0;1;0;0;0;0
GOBP_SYNAPTIC_TRANSMISSION_GABAERGIC;0;1;0;0;0;0
GOBP_SYNAPTIC_VESICLE_EXOCYTOSIS;0;0;0;0;1;0
GOBP_SYNAPTIC_VESICLE_PRIMING;0;0;0;1;1;1
GOBP_T_CELL_ACTIVATION;1;0;0;0;1;1
GOBP_T_CELL_ACTIVATION_INVOLVED_IN_IMMUNE_RESPONSE;1;0;0;1;1;1
GOBP_T_CELL_APOPTOTIC_PROCESS;0;0;1;1;1;1
GOBP_T_CELL_CHEMOTAXIS;1;0;0;0;1;1
GOBP_T_CELL_CYTOKINE_PRODUCTION;0;0;0;1;1;1
GOBP_T_CELL_DIFFERENTIATION;1;0;0;0;0;0
GOBP_T_CELL_DIFFERENTIATION_INVOLVED_IN_IMMUNE_RESPONSE;1;0;0;0;1;1
GOBP_T_CELL_MEDIATED_IMMUNITY;0;0;0;0;1;1
GOBP_T_CELL_MIGRATION;1;0;0;1;1;1
GOBP_T_CELL_PROLIFERATION;1;0;0;1;1;1
GOBP_T_HELPER_1_CELL_DIFFERENTIATION;1;0;0;1;1;1
GOBP_T_HELPER_1_TYPE_IMMUNE_RESPONSE;0;0;0;1;1;1
GOBP_TAXIS;1;1;0;0;0;0
GOBP_TELENCEPHALON_DEVELOPMENT;1;1;0;0;0;0
GOBP_TELENCEPHALON_GLIAL_CELL_MIGRATION;0;1;0;0;0;0
GOBP_TELOMERASE_RNA_LOCALIZATION;1;1;1;1;0;0
GOBP_TELOMERE_CAPPING;0;0;1;0;0;0
GOBP_TELOMERE_MAINTENANCE;0;0;1;1;1;1
GOBP_TELOMERE_MAINTENANCE_VIA_RECOMBINATION;0;0;1;1;1;1
GOBP_TELOMERE_MAINTENANCE_VIA_TELOMERE_LENGTHENING;1;0;1;1;1;1
GOBP_TELOMERE_ORGANIZATION;1;0;1;1;1;1
GOBP_TERPENOID_BIOSYNTHETIC_PROCESS;0;0;1;0;1;1
GOBP_TETRAHYDROFOLATE_METABOLIC_PROCESS;0;0;1;1;1;1
GOBP_TETRAPYRROLE_BIOSYNTHETIC_PROCESS;0;0;1;1;1;1
GOBP_TETRAPYRROLE_METABOLIC_PROCESS;0;0;1;0;0;1
GOBP_THIOESTER_BIOSYNTHETIC_PROCESS;0;0;1;1;1;1
GOBP_THIOESTER_METABOLIC_PROCESS;0;0;1;1;1;1
GOBP_TISSUE_MIGRATION;0;1;0;0;0;0
GOBP_TISSUE_MORPHOGENESIS;0;1;0;0;0;0
GOBP_TISSUE_REMODELING;0;0;0;0;1;0
GOBP_TOXIN_TRANSPORT;1;0;0;0;0;0
GOBP_TRANSCRIPTION_BY_RNA_POLYMERASE_I;0;0;1;0;0;0
GOBP_TRANSCRIPTION_BY_RNA_POLYMERASE_III;0;0;1;0;0;0
GOBP_TRANSCYTOSIS;0;0;0;1;1;0
GOBP_TRANSITION_METAL_ION_HOMEOSTASIS;0;0;1;0;1;1
GOBP_TRANSITION_METAL_ION_TRANSPORT;0;0;0;0;1;1
GOBP_TRANSLATIONAL_ELONGATION;0;1;0;0;0;0
GOBP_TRANSLATIONAL_INITIATION;1;0;1;0;0;0
GOBP_TRANSLATIONAL_TERMINATION;0;0;1;0;0;0
GOBP_TRANSLESION_SYNTHESIS;0;0;1;1;1;1
GOBP_TRANSMEMBRANE_RECEPTOR_PROTEIN_TYROSINE_KINASE_SIGNALING_PATHWAY;0;1;0;0;0;0
GOBP_TRANSPORT_ALONG_MICROTUBULE;0;1;0;0;0;0
GOBP_TRICARBOXYLIC_ACID_CYCLE;0;0;1;1;1;1
GOBP_TRIGLYCERIDE_BIOSYNTHETIC_PROCESS;0;1;0;0;0;0
GOBP_TRIGLYCERIDE_METABOLIC_PROCESS;0;1;0;0;0;0
GOBP_TRNA_5_END_PROCESSING;0;0;1;1;1;1
GOBP_TRNA_METABOLIC_PROCESS;0;0;1;1;1;1
GOBP_TRNA_METHYLATION;0;0;1;0;0;0
GOBP_TRNA_MODIFICATION;0;0;1;1;0;0
GOBP_TRNA_PROCESSING;0;0;1;1;1;1
GOBP_TRNA_THREONYLCARBAMOYLADENOSINE_METABOLIC_PROCESS;0;0;1;1;0;0
GOBP_TUBE_MORPHOGENESIS;1;1;0;0;0;0
GOBP_TUMOR_NECROSIS_FACTOR_MEDIATED_SIGNALING_PATHWAY;0;0;1;0;0;0
GOBP_TUMOR_NECROSIS_FACTOR_SUPERFAMILY_CYTOKINE_PRODUCTION;0;1;0;1;1;1
GOBP_TYPE_2_IMMUNE_RESPONSE;0;0;0;1;1;1
GOBP_TYPE_I_INTERFERON_PRODUCTION;0;0;1;1;1;1
GOBP_TYROSINE_PHOSPHORYLATION_OF_STAT_PROTEIN;1;0;0;0;0;0
GOBP_UBIQUINONE_METABOLIC_PROCESS;0;0;1;1;0;0
GOBP_UNSATURATED_FATTY_ACID_BIOSYNTHETIC_PROCESS;1;1;0;1;1;1
GOBP_UNSATURATED_FATTY_ACID_METABOLIC_PROCESS;1;1;0;1;1;1
GOBP_VACUOLAR_ACIDIFICATION;1;1;0;0;0;0
GOBP_VASCULAR_ASSOCIATED_SMOOTH_MUSCLE_CELL_DIFFERENTIATION;1;0;0;1;1;1
GOBP_VASCULAR_ASSOCIATED_SMOOTH_MUSCLE_CONTRACTION;0;0;0;1;1;1
GOBP_VASCULAR_ENDOTHELIAL_CELL_PROLIFERATION;0;0;0;0;1;0
GOBP_VASCULAR_ENDOTHELIAL_GROWTH_FACTOR_PRODUCTION;0;1;0;0;0;0
GOBP_VASCULAR_ENDOTHELIAL_GROWTH_FACTOR_SIGNALING_PATHWAY;0;1;0;0;0;0
GOBP_VASCULAR_PROCESS_IN_CIRCULATORY_SYSTEM;0;1;0;0;0;1
GOBP_VASCULAR_TRANSPORT;1;1;0;0;0;0
GOBP_VASCULATURE_DEVELOPMENT;0;1;0;0;0;0
GOBP_VASCULOGENESIS;0;0;0;0;1;0
GOBP_VASOCONSTRICTION;0;0;0;0;0;1
GOBP_VENTRICULAR_CARDIAC_MUSCLE_TISSUE_DEVELOPMENT;0;0;0;0;1;0
GOBP_VENTRICULAR_SEPTUM_MORPHOGENESIS;0;1;0;0;0;0
GOBP_VERY_LONG_CHAIN_FATTY_ACID_METABOLIC_PROCESS;0;0;0;1;1;0
GOBP_VESICLE_TARGETING_TO_FROM_OR_WITHIN_GOLGI;0;0;0;1;0;1
GOBP_VIRAL_GENOME_REPLICATION;0;0;1;1;1;1
GOBP_VIRAL_LIFE_CYCLE;1;0;1;1;1;1
GOBP_VIRAL_PROCESS;1;0;1;1;1;1
GOBP_VIRAL_RNA_GENOME_REPLICATION;0;0;0;0;1;1
GOBP_VIRAL_TRANSLATION;1;0;0;0;0;0
GOBP_VISUAL_BEHAVIOR;0;1;0;0;0;0
GOBP_VITAMIN_BIOSYNTHETIC_PROCESS;0;0;0;0;1;1
GOBP_VITAMIN_D_METABOLIC_PROCESS;0;0;0;0;1;1
GOBP_VITAMIN_METABOLIC_PROCESS;0;0;0;0;1;0
GOBP_WATER_SOLUBLE_VITAMIN_METABOLIC_PROCESS;0;0;1;0;0;0
GOBP_WOUND_HEALING;1;1;0;0;1;0
GOBP_WOUND_HEALING_SPREADING_OF_EPIDERMAL_CELLS;0;0;0;0;1;0
GOBP_XENOBIOTIC_METABOLIC_PROCESS;1;1;0;0;0;1
GOBP_ZINC_ION_HOMEOSTASIS;0;0;1;0;1;0
GOBP_ZYMOGEN_ACTIVATION;1;1;0;0;1;0
